filename	AC Accuracy V0	DICE V0	ER V0	Jaccard V0	SE Sensitivity V0	SP Specificity V0	
ISIC_0000000	0.9549174995	0.9538203805	0.0450825005	0.9117176083	1.0	0.9156422021	
ISIC_0000001	0.9248590973	0.6446716738	0.07514090275	0.4756571978	1.0	0.919362523	
ISIC_0000002	0.985333102	0.9756751896	0.014666898	0.9525056698	0.9712386585	0.9914561039	
ISIC_0000004	0.9115457331	0.8733679483	0.08845426688	0.7752024692	0.8872697451	0.924263691	
ISIC_0000006	0.8624702439	0.5630360414	0.1375297561	0.3918233565	1.0	0.849099758	
ISIC_0000007	0.9532118682	0.7865192084	0.04678813177	0.648151346	1.0	0.9487988474	
ISIC_0000008	0.9038748574	0.8740804615	0.09612514256	0.7763258666	0.9999579406	0.8557660829	
ISIC_0000009	0.9591069483	0.9175020267	0.04089305169	0.8475785169	1.0	0.94707112	
ISIC_0000010	0.9577725502	0.7895342553	0.04222744982	0.652256587	1.0	0.9541402103	
ISIC_0000011	0.9587178552	0.8957662277	0.04128214483	0.8112106786	1.0	0.9498159193	
ISIC_0000016	0.8918729286	0.7918680261	0.1081270714	0.6554482815	1.0	0.8638725293	
ISIC_0000017	0.9684007689	0.9055986995	0.0315992311	0.8274832084	1.0	0.9627557781	
ISIC_0000018	0.9675385862	0.934449936	0.03246141379	0.876964835	0.9968815892	0.958669535	
ISIC_0000019	0.9791880642	0.9668356837	0.02081193581	0.9358004999	0.9459498669	0.9948797797	
ISIC_0000021	0.9729107382	0.9476373157	0.02708926182	0.9004854789	0.982392621	0.9697582259	
ISIC_0000024	0.8222984942	0.6347742727	0.1777015058	0.4649592079	0.4649592079	1.0	
ISIC_0000025	0.8866565451	0.7715850626	0.1133434549	0.6281143604	1.0	0.8598211301	
ISIC_0000026	0.7824720144	0.7433960429	0.2175279856	0.5915913592	0.5915913592	1.0	
ISIC_0000028	0.9826780195	0.9646273017	0.01732198048	0.9316715645	1.0	0.9773216527	
ISIC_0000029	0.9561511788	0.9459176766	0.04384882121	0.8973850102	1.0	0.9288785981	
ISIC_0000030	0.8452613521	0.8195608283	0.1547386479	0.6942846764	0.7072381881	0.981573886	
ISIC_0000031	0.8065189021	0.5775406021	0.1934810979	0.406015527	0.4065697712	0.9993418687	
ISIC_0000032	0.9698677751	0.952409211	0.0301322249	0.9091424066	0.9178822171	0.9952974977	
ISIC_0000034	0.9099001423	0.8180379051	0.09009985772	0.6921016406	1.0	0.8870180538	
ISIC_0000035	0.9856255771	0.9846308069	0.01437442286	0.9697268871	0.9976826922	0.9752916833	
ISIC_0000038	0.9260289656	0.9233540564	0.07397103443	0.8576208937	0.8576208937	1.0	
ISIC_0000039	0.8433878126	0.736324949	0.1566121874	0.5826853577	1.0	0.799556043	
ISIC_0000041	0.86242238	0.4968088658	0.13757762	0.3305027914	1.0	0.8523977802	
ISIC_0000042	0.8796407101	0.8468605101	0.1203592899	0.7343955501	0.9952902801	0.8215463073	
ISIC_0000044	0.9790632126	0.9797250787	0.0209367874	0.9602559645	0.9998463473	0.9577810465	
ISIC_0000045	0.887744874	0.8503707937	0.112255126	0.7396913622	0.9999150798	0.835198572	
ISIC_0000046	0.9703695372	0.960529877	0.02963046285	0.9240572246	0.9578045869	0.977954322	
ISIC_0000047	0.9904924335	0.9802704744	0.009507566478	0.9613043947	0.965727894	0.9985101994	
ISIC_0000048	0.9956861419	0.982897382	0.004313858056	0.9663699262	0.9908627434	0.9963758482	
ISIC_0000049	0.8060636649	0.8269505745	0.1939363351	0.704957998	0.7076487644	0.9927592114	
ISIC_0000050	0.8495455873	0.7849063848	0.1504544127	0.6459637142	0.9757797781	0.800130458	
ISIC_0000051	0.9495210881	0.9179413831	0.05047891186	0.8483287031	0.9992121619	0.9299503703	
ISIC_0000054	0.9704460971	0.9337545262	0.02955390291	0.8757406706	0.9999434539	0.9626852793	
ISIC_0000055	0.9803670872	0.977016558	0.01963291276	0.9550658572	0.9992229828	0.9668457893	
ISIC_0000058	0.8544041988	0.8178740182	0.1455958012	0.691867052	0.691867052	1.0	
ISIC_0000059	0.917731635	0.8940494041	0.08226836496	0.8083990437	0.8140577198	0.9947967199	
ISIC_0000060	0.9479386531	0.9457979476	0.05206134689	0.8971695183	0.900758188	0.9959311636	
ISIC_0000061	0.9357473663	0.9076225651	0.06425263366	0.8308690166	0.9999869398	0.9061174472	
ISIC_0000062	0.9481076739	0.7552021692	0.0518923261	0.6066866045	1.0	0.9435925997	
ISIC_0000063	0.9756704295	0.9707340848	0.02432957051	0.9431324505	0.9432791765	0.9998837053	
ISIC_0000065	0.9456312544	0.9033647883	0.05436874564	0.8237605164	1.0	0.9271074482	
ISIC_0000067	0.9833435076	0.9701853718	0.01665649242	0.9420970971	0.9998725133	0.9771977192	
ISIC_0000068	0.9746718805	0.9659285025	0.02532811951	0.9341022404	1.0	0.9604849089	
ISIC_0000073	0.9324840472	0.9096005439	0.06751595282	0.8341902032	1.0	0.8977537272	
ISIC_0000074	0.7783623388	0.7653154954	0.2216376612	0.6198470075	0.9783017858	0.661239584	
ISIC_0000075	0.7120519369	0.6934215656	0.2879480631	0.5307156059	0.5307156059	1.0	
ISIC_0000077	0.7917357669	0.663689378	0.2082642331	0.4966580128	0.4966580128	1.0	
ISIC_0000078	0.9873057733	0.9397378155	0.01269422667	0.8863258816	0.8957405078	0.9986804715	
ISIC_0000079	0.9934240902	0.9418128381	0.006575909768	0.8900248198	0.9177847066	0.998080091	
ISIC_0000080	0.9436694657	0.8673262625	0.05633053428	0.7657335327	1.0	0.9309569545	
ISIC_0000081	0.9763161341	0.9021796644	0.02368386587	0.8217917224	0.9734621596	0.9766767951	
ISIC_0000082	0.9383420944	0.8929662292	0.06165790558	0.8066296194	1.0	0.9169924546	
ISIC_0000085	0.9717445374	0.8995656478	0.02825546265	0.817464164	1.0	0.9676511607	
ISIC_0000086	0.980769017	0.9604470978	0.01923098295	0.9239040127	0.9994673544	0.9750693023	
ISIC_0000087	0.9715894063	0.9643224979	0.02841059367	0.9311030663	0.9990677776	0.9544374736	
ISIC_0000089	0.9508603414	0.8316903049	0.04913965861	0.7118748637	1.0	0.9440698602	
ISIC_0000091	0.8846559525	0.6690001888	0.1153440475	0.502629815	0.8473225819	0.8906110221	
ISIC_0000093	0.9815079371	0.9214825333	0.01849206289	0.8543974129	1.0	0.9792570907	
ISIC_0000094	0.9380760193	0.657509969	0.06192398071	0.4897689769	1.0	0.9341626041	
ISIC_0000095	0.983745575	0.9019001427	0.01625442505	0.8213279847	0.9628179238	0.9855062974	
ISIC_0000096	0.869562149	0.7008028234	0.130437851	0.5394122124	0.5557445775	0.9885223558	
ISIC_0000097	0.8987264633	0.8263216859	0.1012735367	0.7040444353	1.0	0.8665841662	
ISIC_0000100	0.9299135113	0.9068315645	0.07008648871	0.8295442267	0.8852640463	0.9578992175	
ISIC_0000102	0.9606018066	0.5871689817	0.03939819336	0.4155974594	1.0	0.9594661287	
ISIC_0000103	0.9758536021	0.9699252943	0.02414639791	0.9416067485	0.9898201125	0.9667969405	
ISIC_0000104	0.9663470586	0.933497	0.03365294139	0.8752877395	0.9972029812	0.95677044	
ISIC_0000105	0.9833727868	0.8940932281	0.0166272132	0.8084707055	1.0	0.9821177057	
ISIC_0000108	0.9838701884	0.9582052473	0.0161298116	0.9197639409	0.9999828076	0.9802150796	
ISIC_0000109	0.9537728628	0.9324739611	0.04622713725	0.8734906008	0.9084317423	0.9783325067	
ISIC_0000110	0.9489227931	0.7968861994	0.05107720693	0.6623531365	0.9527050922	0.9484782526	
ISIC_0000112	0.9551490148	0.8787502481	0.04485098521	0.7837239176	0.803791727	0.9935102737	
ISIC_0000114	0.985206604	0.8097947372	0.014793396	0.6803824202	1.0	0.9847255934	
ISIC_0000116	0.9291944504	0.8992838839	0.07080554962	0.8169989253	0.8762294576	0.9590855338	
ISIC_0000118	0.8570718765	0.5350794923	0.1429281235	0.3652617937	1.0	0.8442627408	
ISIC_0000119	0.975511233	0.9317552633	0.02448876699	0.8722301466	0.9997718653	0.9706400257	
ISIC_0000120	0.9594599406	0.9538988992	0.04054005941	0.9118610987	1.0	0.9301736023	
ISIC_0000121	0.9539823532	0.9226851449	0.04601764679	0.8564674853	0.9961998937	0.9379175449	
ISIC_0000122	0.9427763621	0.9246668157	0.0572236379	0.8598886644	0.9003157104	0.9699320461	
ISIC_0000123	0.8533070882	0.7177904956	0.1466929118	0.5598074988	1.0	0.8196647829	
ISIC_0000124	0.9924532572	0.9839450968	0.007546742757	0.9683975677	0.975839695	0.9976131643	
ISIC_0000127	0.6016025543	0.1331716683	0.3983974457	0.07133578705	0.07137915873	0.9995436913	
ISIC_0000128	0.8612807592	0.6841481642	0.1387192408	0.5199279627	1.0	0.836755605	
ISIC_0000130	0.9798272451	0.956915293	0.02017275492	0.9173898214	0.9886045282	0.977255548	
ISIC_0000131	0.9649009705	0.936505052	0.03509902954	0.8805919142	0.999668516	0.9527532709	
ISIC_0000133	0.975806872	0.9187078278	0.02419312795	0.8496388408	0.9652781519	0.9775440187	
ISIC_0000134	0.9731429418	0.8695311088	0.02685705821	0.7691773879	0.9989957951	0.9705989672	
ISIC_0000135	0.9270781674	0.7333260285	0.07292183264	0.5789382627	1.0	0.9189519877	
ISIC_0000137	0.9737307231	0.949074057	0.02626927694	0.9030836694	0.9999493543	0.9652321533	
ISIC_0000139	0.980281441	0.9638516708	0.01971855899	0.9302255707	0.9832169204	0.9792101338	
ISIC_0000140	0.9702599055	0.9554534492	0.02974009448	0.9147064327	0.9181252753	0.9980105024	
ISIC_0000142	0.9496628443	0.933348767	0.05033715566	0.8750271299	0.9741598593	0.9357755347	
ISIC_0000143	0.9666284833	0.9383087724	0.03337151666	0.8837868751	0.9134306247	0.9870954125	
ISIC_0000145	0.9649502436	0.945262952	0.03504975637	0.8962072147	1.0	0.9497393679	
ISIC_0000146	0.9393307368	0.9233386369	0.0606692632	0.8575942897	0.9880980731	0.9107187442	
ISIC_0000147	0.9271297455	0.9259592545	0.07287025452	0.8621267474	0.9334734797	0.921080121	
ISIC_0000148	0.8956791481	0.7385521185	0.1043208519	0.5854796931	0.9999920121	0.8776528708	
ISIC_0000150	0.966638883	0.9493430208	0.03336111705	0.903570851	0.9686054529	0.9657017547	
ISIC_0000151	0.9801781972	0.9080348899	0.01982180278	0.8315603507	0.988348461	0.9792803571	
ISIC_0000152	0.9767365477	0.9508636926	0.02326345228	0.9063299838	1.0	0.9699790813	
ISIC_0000153	0.9409545595	0.9038101116	0.05904544055	0.8245014127	1.0	0.9182876834	
ISIC_0000154	0.9824250539	0.9177935128	0.01757494609	0.8480761515	0.9998995629	0.9805239689	
ISIC_0000155	0.9869877497	0.9863517132	0.01301225026	0.9730709617	0.9766581773	0.9965775321	
ISIC_0000156	0.9650335312	0.9454788243	0.03496646881	0.8965953894	0.9670592744	0.9641083917	
ISIC_0000157	0.9761872923	0.9640800877	0.0238127077	0.9306511789	0.9621488893	0.9831687035	
ISIC_0000159	0.9509546847	0.9333976046	0.04904531532	0.8751129836	0.9027132905	0.9806112237	
ISIC_0000162	0.9477437759	0.9404942082	0.05225622407	0.8876725502	0.9999136578	0.9110393196	
ISIC_0000163	0.9549773665	0.9258323053	0.04502263347	0.8619066742	0.9560259879	0.9545408289	
ISIC_0000166	0.9657087222	0.9660370482	0.03429127782	0.9343052829	0.9999895203	0.9330749509	
ISIC_0000167	0.9318785705	0.8543747914	0.06812142952	0.7457716407	0.7503008536	0.9977952977	
ISIC_0000170	0.9476725169	0.9269599398	0.05232748311	0.8638633115	0.8660454824	0.998429263	
ISIC_0000171	0.9186347395	0.904305685	0.08136526049	0.8253266195	0.9377378714	0.9053610891	
ISIC_0000173	0.9646166357	0.9463904109	0.03538336425	0.8982363303	0.9359430334	0.9789766768	
ISIC_0000175	0.9863315096	0.969819	0.01366849043	0.941406413	0.9833833456	0.9871791926	
ISIC_0000176	0.9799461973	0.9361783596	0.02005380266	0.8800143971	0.8812186743	0.999725832	
ISIC_0000179	0.9609430954	0.9507041573	0.03905690463	0.9060401448	0.9289327634	0.982770782	
ISIC_0000181	0.8577557864	0.7511478604	0.1422442136	0.6014706117	1.0	0.8188713489	
ISIC_0000182	0.9635303895	0.9358883985	0.03646961045	0.8795021098	0.9997668349	0.9503815509	
ISIC_0000183	0.9575940423	0.9525864476	0.04240595771	0.9094654595	0.9288849013	0.981912791	
ISIC_0000184	0.9531218428	0.9442481651	0.0468781572	0.8943845834	0.9697910776	0.941569475	
ISIC_0000185	0.9046917099	0.8522689019	0.09530829007	0.7425684495	1.0	0.8685549014	
ISIC_0000186	0.9328717092	0.7571560033	0.06712829081	0.6092124235	1.0	0.9250257565	
ISIC_0000187	0.5793000174	0.6492143919	0.4206999826	0.4806198616	0.4806198616	1.0	
ISIC_0000189	0.9367408631	0.9254592318	0.06325913688	0.8612602324	0.9650462977	0.9173201686	
ISIC_0000190	0.949426853	0.956160658	0.05057314703	0.9160036603	0.9194743892	0.9943208979	
ISIC_0000191	0.7458732473	0.3388788635	0.2541267527	0.2040061114	0.4997739679	0.7827507013	
ISIC_0000192	0.8966921365	0.8913135912	0.1033078635	0.8039366084	0.8040951495	0.9997804505	
ISIC_0000193	0.9473034209	0.9066145914	0.05269657908	0.8291811691	0.8360279165	0.9963597567	
ISIC_0000199	0.9447239667	0.9150108849	0.05527603326	0.843336465	1.0	0.9213088967	
ISIC_0000203	0.2169039441	0.274397291	0.7830960559	0.159015334	0.1590440063	0.997567178	
ISIC_0000204	0.9747498327	0.9747296124	0.02525016732	0.9507049303	0.96338641	0.9863652115	
ISIC_0000205	0.9403569769	0.954303672	0.05964302308	0.9126011506	0.91378373	0.9972267673	
ISIC_0000206	0.9243938624	0.8157420215	0.07560613758	0.6888212166	1.0	0.9091970061	
ISIC_0000207	0.2467808968	0.2063568672	0.7532191032	0.1150490102	0.1150817017	0.9983783638	
ISIC_0000208	0.9261061369	0.946175423	0.07389386305	0.8978490763	0.8999809519	0.9938435838	
ISIC_0000209	0.9532510145	0.9592308824	0.0467489855	0.9216557891	0.9264405817	0.9924161437	
ISIC_0000210	0.9613823839	0.8198464546	0.03861761609	0.6946947351	1.0	0.957662115	
ISIC_0000211	0.9590445844	0.8729614268	0.04095541558	0.7745621556	1.0	0.9523377905	
ISIC_0000214	0.8646745882	0.7854974305	0.1353254118	0.6467647333	1.0	0.8200992556	
ISIC_0000215	0.9073378903	0.9326751867	0.09266210972	0.873843815	0.8764165149	0.9919443596	
ISIC_0000216	0.9803677656	0.978754875	0.01963223437	0.9583936815	0.9989402841	0.9650051979	
ISIC_0000217	0.9482366363	0.9542288888	0.05176336374	0.9124643802	0.9251523771	0.9805409475	
ISIC_0000218	0.9545795894	0.892385656	0.04542041058	0.8056826465	0.8056826465	1.0	
ISIC_0000219	0.930287112	0.909667556	0.06971288796	0.834302933	0.9433591564	0.9225409021	
ISIC_0000220	0.9881922553	0.9532069383	0.01180774475	0.9105973025	0.9500018274	0.9937277615	
ISIC_0000221	0.9869946181	0.95970703	0.01300538186	0.9225353412	0.9859372997	0.9871916692	
ISIC_0000223	0.9771564754	0.977906801	0.02284352457	0.9567687193	0.9587980985	0.9976340749	
ISIC_0000224	0.9668005486	0.9726153216	0.03319945141	0.9466905066	0.962291705	0.9739325805	
ISIC_0000225	0.9782746625	0.900095704	0.02172533751	0.8183400203	0.9999261677	0.9759255996	
ISIC_0000229	0.8939546771	0.8883886054	0.1060453229	0.7991899054	0.9894345849	0.8229340467	
ISIC_0000232	0.978748385	0.9432388248	0.02125161499	0.8925752072	0.9991957889	0.9743593264	
ISIC_0000235	0.8989393692	0.9155200511	0.1010606308	0.8442019164	0.8476753268	0.9924915413	
ISIC_0000236	0.9473775228	0.9486842464	0.05262247721	0.9023780374	0.9999973859	0.8975399486	
ISIC_0000237	0.9679018656	0.9562389375	0.03209813436	0.9161473558	0.9509946243	0.9777790312	
ISIC_0000239	0.9807014465	0.9768973281	0.01929855347	0.9548380186	0.9905293442	0.9738174726	
ISIC_0000240	0.9533042908	0.8469230801	0.04669570923	0.7344896646	0.7513071775	0.9952458244	
ISIC_0000242	0.9810180664	0.9738795393	0.01898193359	0.9490889	0.9937402247	0.9739825036	
ISIC_0000243	0.9361459238	0.9317208889	0.06385407624	0.8721699031	0.9998339887	0.8869636633	
ISIC_0000244	0.9047075907	0.8561606894	0.09529240926	0.7484973471	1.0	0.8669843805	
ISIC_0000245	0.4125378927	0.2079903999	0.5874621073	0.1160654496	0.1550959778	0.6672653681	
ISIC_0000247	0.9890391032	0.955075621	0.01096089681	0.9140141049	0.986871015	0.9893293386	
ISIC_0000249	0.991481781	0.9740416248	0.008518218994	0.9493968259	0.9902225724	0.9917241212	
ISIC_0000250	0.9752324422	0.9611180313	0.02476755778	0.9251465135	0.9812342821	0.9725110933	
ISIC_0000251	0.970770518	0.8791169495	0.02922948201	0.78430747	0.9972083035	0.9676165508	
ISIC_0000252	0.8903785988	0.7891782853	0.1096214012	0.6517708393	0.9999449145	0.8620932878	
ISIC_0000255	0.966196696	0.9208753006	0.03380330404	0.8533539276	0.9999870716	0.9579221634	
ISIC_0000256	0.6300519307	0.2778860211	0.3699480693	0.1613633154	1.0	0.6017000433	
ISIC_0000259	0.3348019918	0.407114629	0.6651980082	0.2555831301	0.2559498956	0.9881105588	
ISIC_0000260	0.8149731954	0.6356276622	0.1850268046	0.4658755125	1.0	0.7793663213	
ISIC_0000261	0.8998374939	0.6231359172	0.1001625061	0.4525762019	1.0	0.8907943752	
ISIC_0000262	0.7561329029	0.3411687828	0.2438670971	0.2056681712	1.0	0.739696841	
ISIC_0000263	0.9579162598	0.8920991373	0.04208374023	0.8052156717	0.8052156717	1.0	
ISIC_0000264	0.9259020487	0.9219309539	0.07409795125	0.8551687457	0.9103724537	0.9402711033	
ISIC_0000265	0.9642003377	0.9226006873	0.03579966227	0.8563219564	0.856645463	0.9998746939	
ISIC_0000268	0.5795313517	0.5690124837	0.4204686483	0.3976362318	0.4999622081	0.6788363524	
ISIC_0000269	0.9065981264	0.8043581196	0.09340187355	0.6727416736	1.0	0.8844028638	
ISIC_0000274	0.9462636312	0.9150542519	0.05373636882	0.8434101461	0.9458228584	0.9464579856	
ISIC_0000275	0.6258926392	0.3066938764	0.3741073608	0.1811213413	0.9396017731	0.5955980061	
ISIC_0000276	0.9377059937	0.9307326867	0.06229400635	0.8704396694	0.9945728868	0.8963910068	
ISIC_0000277	0.8500658671	0.8021676943	0.1499341329	0.6696828016	0.6696828016	1.0	
ISIC_0000278	0.7827771505	0.7587122544	0.2172228495	0.6112299563	0.6175897758	0.9871281749	
ISIC_0000280	0.9561144511	0.9603412357	0.04388554891	0.9237081133	0.9356042711	0.983072545	
ISIC_0000281	0.8217938741	0.7532419056	0.1782061259	0.6041604293	0.9803654663	0.7609077071	
ISIC_0000282	0.8444697062	0.777483063	0.1555302938	0.6359691547	0.6363896276	0.9995073837	
ISIC_0000283	0.6448084513	0.4418923401	0.3551915487	0.2836083484	1.0	0.5866910903	
ISIC_0000285	0.9291013082	0.9377354171	0.07089869181	0.8827701048	0.8855181432	0.9952735785	
ISIC_0000288	0.6148846944	0.6774514074	0.3851153056	0.5122317707	0.5125413142	0.9977393705	
ISIC_0000290	0.8812090556	0.831445186	0.1187909444	0.7115157766	0.9383012168	0.8552881664	
ISIC_0000292	0.7897033691	0.8050572155	0.2102966309	0.6737203035	0.6755849402	0.9950205194	
ISIC_0000293	0.4723320007	0.4932710894	0.5276679993	0.3273787912	0.3281532293	0.9914821922	
ISIC_0000294	0.7596155802	0.8040474567	0.2403844198	0.672307159	0.672307159	1.0	
ISIC_0000295	0.6483141388	0.6623845077	0.3516858612	0.4951979934	0.4951979934	1.0	
ISIC_0000297	0.9583627589	0.8445068089	0.04163724105	0.7308626441	0.9928447916	0.9539311176	
ISIC_0000300	0.9288715051	0.9182509704	0.07112849486	0.8488576788	0.8517622984	0.9969777187	
ISIC_0000301	0.1602790453	0.0	0.8397209547	0.0	0.0	1.0	
ISIC_0000303	0.3870282848	0.4898826455	0.6129717152	0.3244003812	0.324739024	0.9898965484	
ISIC_0000307	0.4261552948	0.3974454654	0.5738447052	0.2480074511	0.2480074511	1.0	
ISIC_0000313	0.9679985151	0.924013759	0.03200148486	0.8587598278	0.8592491154	0.9998332114	
ISIC_0000314	0.9788203498	0.9679591005	0.02117965015	0.9379076943	0.9866182681	0.975078466	
ISIC_0000315	0.9785396748	0.9319015981	0.02146032522	0.8724866515	0.8862900471	0.9968583575	
ISIC_0000316	0.7955395299	0.6557675672	0.2044604701	0.4878379298	0.4878379298	1.0	
ISIC_0000317	0.9951379835	0.9332794931	0.004862016515	0.8749053637	0.9871862268	0.9954216619	
ISIC_0000321	0.9192968637	0.8999517353	0.08070313632	0.8181020453	0.8309470881	0.9878220818	
ISIC_0000322	0.957063505	0.9242049491	0.042936495	0.8590901662	0.8901075219	0.9849582351	
ISIC_0000323	0.9495667645	0.6050658489	0.05043323555	0.4337594348	0.4553530934	0.9953847181	
ISIC_0000324	0.8579263545	0.7854215026	0.1420736455	0.6466617879	0.7357522577	0.9247012203	
ISIC_0000326	0.9667400043	0.8948881926	0.03325999565	0.8097716327	0.9260904326	0.9740761523	
ISIC_0000329	0.9843908446	0.9458517204	0.01560915544	0.8972662942	0.9098998384	0.9975186302	
ISIC_0000330	0.9741552586	0.929381641	0.02584474142	0.8680793049	0.9709995089	0.974825336	
ISIC_0000331	0.972550431	0.9519275365	0.02744956903	0.9082650005	0.9208310326	0.994206808	
ISIC_0000332	0.9922497465	0.9721154473	0.007750253513	0.9457438043	0.9912474465	0.9924079029	
ISIC_0000333	0.9672492938	0.9257219128	0.03275070621	0.8617153452	0.8917141388	0.9896677234	
ISIC_0000336	0.9781865674	0.9132169262	0.02181343257	0.8402936595	0.8423457098	0.9996147768	
ISIC_0000337	0.89312165	0.8893025437	0.10687835	0.8006703703	0.8006703703	1.0	
ISIC_0000338	0.9919962335	0.9734171315	0.008003766478	0.9482109642	0.9981652791	0.9909347044	
ISIC_0000339	0.98949732	0.9624850425	0.01050267999	0.9276830523	0.9782079937	0.9913005586	
ISIC_0000341	0.9806651094	0.9581594467	0.01933489063	0.9196795456	0.9574466002	0.9876486141	
ISIC_0000342	0.9626249457	0.8787184346	0.03737505432	0.783673309	0.8040351632	0.9947386471	
ISIC_0000344	0.9089096226	0.8700828709	0.09109037737	0.770041314	0.7768957148	0.9942459985	
ISIC_0000345	0.9911021476	0.9027245057	0.008897852383	0.822696315	0.8276613123	0.9996831477	
ISIC_0000346	0.9673692597	0.9254971679	0.03263074026	0.8613259456	0.8703428299	0.9968221933	
ISIC_0000347	0.9483263617	0.7340114416	0.05167363827	0.5797931085	1.0	0.944359275	
ISIC_0000348	0.9661673367	0.9201979701	0.03383266333	0.852191369	0.9339452922	0.9746738384	
ISIC_0000349	0.9906177568	0.9611676863	0.009382243228	0.9252385333	0.9419044471	0.997467276	
ISIC_0000350	0.9825506121	0.9522954969	0.01744938795	0.908935195	0.9184172834	0.997558741	
ISIC_0000351	0.9834243264	0.9330419596	0.01657567362	0.8744879596	0.9045812354	0.9949635173	
ISIC_0000352	0.9779217369	0.8867262803	0.02207826307	0.7965033798	0.7972019211	0.9998933745	
ISIC_0000353	0.9564727292	0.8996535098	0.04352727075	0.8176092874	0.8187741611	0.9995542467	
ISIC_0000355	0.8492910691	0.7620354684	0.1507089309	0.6155551706	0.619205548	0.9962132311	
ISIC_0000358	0.9723444517	0.914874939	0.02765554831	0.8431055294	0.8534290022	0.9974181878	
ISIC_0000359	0.8658916413	0.8945070598	0.1341083587	0.8091476909	0.839073779	0.922260839	
ISIC_0000360	0.9905996487	0.9397426039	0.009400351297	0.8863344007	0.9017096397	0.998465056	
ISIC_0000361	0.9442769448	0.9120999186	0.05572305519	0.8384041275	0.8559968367	0.9892986534	
ISIC_0000363	0.9697708424	0.9284631495	0.03022915761	0.8664780396	0.8664780396	1.0	
ISIC_0000364	0.895733739	0.8747546154	0.104266261	0.7773900941	0.7779540278	0.9993617429	
ISIC_0000365	0.9773173801	0.9152593971	0.02268261988	0.8437587702	0.857720227	0.9972431859	
ISIC_0000366	0.9948595719	0.9603062241	0.005140428075	0.9236433327	0.9681068509	0.9966958221	
ISIC_0000367	0.9139527198	0.8646261774	0.08604728017	0.76153436	0.76153436	1.0	
ISIC_0000369	0.9810182167	0.9727631767	0.01898178328	0.946970703	0.9527423798	0.9966340022	
ISIC_0000370	0.9531702702	0.9342665874	0.04682972983	0.8766419223	0.884122288	0.99484929	
ISIC_0000372	0.9227668224	0.840975928	0.0772331776	0.7255896995	0.7271452405	0.9991627717	
ISIC_0000374	0.9916906599	0.970009395	0.008309340142	0.9417652844	0.9484303858	0.9988317418	
ISIC_0000376	0.9164901427	0.7802647366	0.08350985732	0.6397000726	0.6397000726	1.0	
ISIC_0000379	0.8518008479	0.8105544658	0.1481991521	0.6814557224	0.8121931162	0.877161107	
ISIC_0000381	0.8482251057	0.7489076191	0.1517748943	0.5986029734	0.6737572983	0.9364861136	
ISIC_0000382	0.7714776675	0.2702896127	0.2285223325	0.1562629297	0.1562629297	1.0	
ISIC_0000383	0.9301078079	0.858387294	0.06989219208	0.7519076211	0.7520052974	0.9999490591	
ISIC_0000384	0.9854179042	0.874180629	0.01458209579	0.7764839116	0.7764839116	1.0	
ISIC_0000385	0.9800393846	0.9394897107	0.01996061537	0.8858845785	0.8858910185	0.9999984589	
ISIC_0000386	0.9865924694	0.9563653636	0.01340753061	0.9163794782	0.9166969307	0.9999338765	
ISIC_0000387	0.9897951197	0.9479100634	0.01020488033	0.9009781677	0.9130474046	0.9984835104	
ISIC_0000390	0.9340926276	0.9179937948	0.06590737237	0.8484182348	0.858435672	0.9911028572	
ISIC_0000391	0.7231001677	0.4276496813	0.2768998323	0.2719811713	0.2719811713	1.0	
ISIC_0000395	0.7504512646	0.5743871513	0.2495487354	0.4029054254	0.4036664653	0.9986481127	
ISIC_0000396	0.8791189084	0.7726206051	0.1208810916	0.6294880037	0.6294880037	1.0	
ISIC_0000397	0.9472481056	0.8670906037	0.05275189435	0.765366239	0.7711128895	0.9978432104	
ISIC_0000403	0.960995003	0.8213551033	0.03900499697	0.6968639202	0.6979560056	0.999768991	
ISIC_0000408	0.9282613684	0.9465300187	0.07173863164	0.8984878882	0.941180351	0.9014731414	
ISIC_0000409	0.963032915	0.7357280354	0.03696708503	0.5819381083	0.5819381083	1.0	
ISIC_0000410	0.8795734546	0.4554755768	0.1204265454	0.2948969728	0.2948969728	1.0	
ISIC_0000412	0.7884931478	0.6961119433	0.2115068522	0.5338740084	0.6313132032	0.886359737	
ISIC_0000413	0.6742211801	0.4673169925	0.3257788199	0.304901268	0.3049567019	0.99983968	
ISIC_0000415	0.695729291	0.581408141	0.304270709	0.4098487788	0.4200688679	0.974758973	
ISIC_0000416	0.9711235894	0.8760795384	0.02887641059	0.7794853536	0.7795652573	0.9999845557	
ISIC_0000419	0.9883191144	0.9820766976	0.0116808856	0.9647845719	0.9778602167	0.9934069927	
ISIC_0000421	0.9692354555	0.9040515091	0.03076454445	0.8249032838	0.8252098542	0.9999208194	
ISIC_0000423	0.9903119405	0.9851221143	0.009688059489	0.9706804416	0.9995825854	0.9859317025	
ISIC_0000425	0.6947946902	0.4498482008	0.3052053098	0.2901962253	0.293757251	0.99093848	
ISIC_0000426	0.9230252019	0.9308508539	0.07697479813	0.8706463988	0.9233517893	0.9226076753	
ISIC_0000427	0.9860558686	0.9739229735	0.01394413136	0.9491714056	0.9494506095	0.9998888399	
ISIC_0000431	0.9655626085	0.816732181	0.03443739149	0.6902344237	0.6902344237	1.0	
ISIC_0000434	0.9128278097	0.821686146	0.08717219035	0.6973406476	0.6973406476	1.0	
ISIC_0000436	0.7490676597	0.6947632508	0.2509323403	0.5322890665	0.5633469862	0.9400112669	
ISIC_0000439	0.9747866878	0.8050155315	0.02521331222	0.6736619201	0.677425346	0.9995350531	
ISIC_0000442	0.9029682301	0.6747473867	0.09703176993	0.5091462412	0.5091462412	1.0	
ISIC_0000443	0.9301760638	0.4927630836	0.06982393618	0.3269314056	0.3269314056	1.0	
ISIC_0000444	0.9685187163	0.817766277	0.03148128368	0.6917128662	0.6950256212	0.9994582108	
ISIC_0000445	0.9419189736	0.7002798956	0.05808102643	0.5387928471	0.5387928471	1.0	
ISIC_0000447	0.9928514293	0.9518538485	0.007148570743	0.9081308433	0.9164475202	0.9992348615	
ISIC_0000451	0.9580668697	0.8516422435	0.04193313033	0.7416175304	0.7416175304	1.0	
ISIC_0000452	0.8713705275	0.7244033469	0.1286294725	0.5678937344	0.5819795404	0.9898455496	
ISIC_0000453	0.9578323364	0.8983842006	0.04216766357	0.8155149927	0.8159073649	0.999857532	
ISIC_0000454	0.9158313893	0.8762275215	0.08416861075	0.7797196837	0.7798286803	0.9999135767	
ISIC_0000455	0.9768636989	0.9567507973	0.02313630111	0.9170874943	0.917690076	0.9997459173	
ISIC_0000457	0.9715909385	0.9611170343	0.02840906155	0.9251446661	0.9999963207	0.9562208587	
ISIC_0000458	0.9641497453	0.9225152415	0.03585025467	0.856174748	0.8593696219	0.9987671591	
ISIC_0000460	0.7904802737	0.623245828	0.2095197263	0.4526921659	0.999984342	0.7465616732	
ISIC_0000461	0.8956078248	0.8606769772	0.1043921752	0.755428408	1.0	0.8459281835	
ISIC_0000463	0.9785706449	0.9621084913	0.02142935505	0.9269836811	0.9365651229	0.9957682472	
ISIC_0000465	0.9068392674	0.7669399046	0.09316073255	0.6219809622	1.0	0.8899740731	
ISIC_0000467	0.7844466635	0.8168125093	0.2155533365	0.690349176	0.728921725	0.8918856497	
ISIC_0000468	0.8940366711	0.9072745859	0.1059633289	0.8302859751	0.8302913879	0.9999891642	
ISIC_0000469	0.977579175	0.9555735382	0.02242082498	0.9149265872	0.9446756712	0.9888561169	
ISIC_0000471	0.9578203566	0.872107948	0.04217964338	0.77321934	1.0	0.9507354503	
ISIC_0000473	0.974157746	0.9242076556	0.02584225399	0.8590948434	0.913886891	0.9867134811	
ISIC_0000474	0.9559588515	0.9560840977	0.04404114849	0.9158631415	0.9998075878	0.9155644762	
ISIC_0000475	0.9322884302	0.9212135755	0.06771156982	0.8539350836	0.9557979014	0.9156678965	
ISIC_0000477	0.9430300744	0.9263623466	0.05696992557	0.8628258739	0.9677940638	0.92846955	
ISIC_0000478	0.9116979043	0.9284938912	0.08830209569	0.8665315891	0.8665315891	1.0	
ISIC_0000480	0.8559653641	0.7211119897	0.1440346359	0.5638585896	1.0	0.8230069758	
ISIC_0000481	0.7770603415	0.8097283289	0.2229396585	0.6802886673	0.6904530572	0.9671979051	
ISIC_0000483	0.8798610112	0.8380937753	0.1201389888	0.7213093084	0.9999912732	0.8256500833	
ISIC_0000485	0.7910067052	0.7870342463	0.2089932948	0.6488511682	0.6488570849	0.9999865942	
ISIC_0000486	0.7820451591	0.6228880902	0.2179548409	0.4523147943	1.0	0.7342009034	
ISIC_0000488	0.8210431484	0.6449123978	0.1789568516	0.4759193404	1.0	0.7863172953	
ISIC_0000489	0.9513512193	0.9181511884	0.04864878066	0.8486871534	0.9977377137	0.9338901007	
ISIC_0000491	0.9889856425	0.9893004007	0.01101435747	0.9788273403	0.9910559616	0.9867978234	
ISIC_0000492	0.9351702355	0.8246519241	0.06482976454	0.7016235794	1.0	0.9235096369	
ISIC_0000493	0.9074321812	0.9067571224	0.09256781876	0.8294196478	1.0	0.831665433	
ISIC_0000495	0.6973276819	0.57690112	0.3026723181	0.4053837214	1.0	0.6186330137	
ISIC_0000496	0.8300327255	0.7427154294	0.1699672745	0.5907297733	1.0	0.7747804607	
ISIC_0000498	0.975056917	0.9566594998	0.02494308299	0.9169197397	0.9423392209	0.9885591507	
ISIC_0000500	0.9792018865	0.9508271395	0.02079811353	0.9062635676	0.9525964301	0.9863206176	
ISIC_0000503	0.8011106619	0.7003795613	0.1988893381	0.5389108547	1.0	0.7408751511	
ISIC_0000504	0.9354440475	0.7967204083	0.06455595252	0.662124093	1.0	0.9260943859	
ISIC_0000505	0.9640018561	0.8912836819	0.03599814392	0.8038879444	1.0	0.9577704208	
ISIC_0000506	0.9790960575	0.9067931445	0.02090394254	0.8294799287	0.9999066081	0.9767401467	
ISIC_0000507	0.8898036333	0.820904553	0.1101963667	0.6962155228	1.0	0.8525704764	
ISIC_0000511	0.97705003	0.9768570776	0.02294997002	0.9547611152	0.9671405892	0.9869917373	
ISIC_0000513	0.9510812197	0.8993239866	0.04891878031	0.8170651269	0.831811279	0.9935705874	
ISIC_0000514	0.9200801044	0.760760964	0.07991989558	0.6138936411	1.0	0.9084464464	
ISIC_0000516	0.9476268523	0.9286752981	0.05237314765	0.866847648	0.9174211449	0.9654925958	
ISIC_0000517	0.5461889346	0.578078169	0.4538110654	0.4065470804	0.4065470804	1.0	
ISIC_0000519	0.826907829	0.7784432632	0.173092171	0.6372551023	0.6377536159	0.9992870932	
ISIC_0000520	0.9528188352	0.8246113349	0.04718116478	0.701564818	0.711569576	0.9973667037	
ISIC_0000521	0.9205301073	0.920567288	0.07946989271	0.852825079	0.860303187	0.9899001875	
ISIC_0000522	0.9345854624	0.8898741203	0.06541453765	0.8015974914	0.9997587764	0.9111652939	
ISIC_0000523	0.9595475403	0.9132843743	0.04045245971	0.8404078792	1.0	0.9485977522	
ISIC_0000524	0.9828394194	0.9728616304	0.01716058059	0.9471573248	0.9996913226	0.9753500149	
ISIC_0000528	0.984707432	0.9443620931	0.01529256804	0.8945890319	0.9849734733	0.9846670577	
ISIC_0000529	0.963295973	0.9551568374	0.03670402695	0.9141628827	0.9999405165	0.9397767451	
ISIC_0000530	0.8593925958	0.7658894835	0.1406074042	0.6206004027	0.9919713966	0.819374405	
ISIC_0000531	0.9282832093	0.8353938428	0.07171679072	0.7173187584	0.9999925446	0.9123297623	
ISIC_0000532	0.9317864208	0.8592505081	0.06821357922	0.7532333034	1.0	0.9138482629	
ISIC_0000535	0.9253666095	0.8472236139	0.0746333905	0.7349418535	1.0	0.9058918428	
ISIC_0000536	0.9950614509	0.9612398618	0.00493854905	0.9253723034	0.9958362041	0.9950106872	
ISIC_0000538	0.7506751556	0.5739895829	0.2493248444	0.4025142987	1.0	0.7003432439	
ISIC_0000541	0.8984245244	0.859914942	0.1015754756	0.7542550759	1.0	0.8524123791	
ISIC_0000542	0.9836511066	0.980608298	0.01634889342	0.9619543657	0.9886801746	0.9800376506	
ISIC_0000543	0.853349769	0.7949256372	0.146650231	0.6596486174	1.0	0.7951158063	
ISIC_0000544	0.8493829078	0.7682438434	0.1506170922	0.6236979935	0.9999864775	0.7992774781	
ISIC_0000545	0.9604696383	0.9500341355	0.03953036175	0.9048238306	0.9553169945	0.9638111032	
ISIC_0000546	0.8932190745	0.8600923974	0.1067809255	0.7545281701	1.0	0.8410473393	
ISIC_0000548	0.8693385214	0.7699698895	0.1306614786	0.6259764561	1.0	0.8327685542	
ISIC_0000551	0.9654540437	0.9656065153	0.03454595633	0.9335001908	0.9794507643	0.9517280139	
ISIC_0000552	0.980294759	0.9816097816	0.01970524103	0.9638837489	0.9659613923	0.9974240494	
ISIC_0000554	0.9276688902	0.9019702935	0.07233110982	0.8214443454	1.0	0.8915967428	
ISIC_0000555	0.9767071534	0.9413093957	0.02329284655	0.8891260504	0.9834459554	0.9751271104	
ISIC_0000556	0.9515592719	0.9540004199	0.04844072809	0.9120466567	0.9993116278	0.9032960917	
ISIC_0000882	0.7750947119	0.4508664686	0.2249052881	0.2910442899	0.9999911171	0.7522177629	
ISIC_0000900	0.9946182852	0.9594186586	0.0053817148	0.922002558	0.9328043562	0.9991425221	
ISIC_0000999	0.9792176805	0.8896056992	0.02078231949	0.8011619823	1.0	0.9773184024	
ISIC_0001102	0.9689037182	0.966451266	0.03109628183	0.935080499	0.9978966765	0.9452926434	
ISIC_0001105	0.9373250891	0.7213407625	0.06267491093	0.5641383891	0.5641383891	1.0	
ISIC_0001106	0.9830886596	0.9652795763	0.01691134036	0.9328892657	0.9485271267	0.9944766604	
ISIC_0001118	0.8229052082	0.830482825	0.1770947918	0.710107421	0.7269546604	0.9648920588	
ISIC_0001119	0.9929909883	0.9324614821	0.007009011728	0.8734687007	0.8790808233	0.9996257656	
ISIC_0001126	0.928604126	0.8259010334	0.07139587402	0.7034339157	0.8260683784	0.9550445503	
ISIC_0001133	0.7778693305	0.673865261	0.2221306695	0.5081423788	0.9479330441	0.7235479369	
ISIC_0001134	0.9641299778	0.7238662467	0.03587002224	0.567233838	0.5782426996	0.9982823273	
ISIC_0001140	0.991838256	0.9862260342	0.008161743989	0.9728263573	0.9984692501	0.989094947	
ISIC_0001148	0.9272980867	0.8615724979	0.07270191334	0.7568092797	0.7909809911	0.9819106639	
ISIC_0001152	0.8476857432	0.8670568128	0.1523142568	0.7653135856	0.8184642786	0.8927936723	
ISIC_0001163	0.9902478256	0.9518995289	0.009752174404	0.9082140073	0.9961257768	0.9896173391	
ISIC_0001184	0.9866255319	0.8406610345	0.01337446807	0.7251210038	0.726138974	0.9999283062	
ISIC_0001187	0.9692852833	0.7031111611	0.03071471666	0.5421522184	0.9902107443	0.968487388	
ISIC_0001188	0.9953576023	0.9378608725	0.00464239765	0.8829924897	0.930062542	0.9979134143	
ISIC_0001191	0.9904345023	0.8432837223	0.009565497652	0.7290324676	0.9999109185	0.9901841543	
ISIC_0001212	0.8997215413	0.1009717633	0.1002784587	0.05317022746	0.05317022746	1.0	
ISIC_0001213	0.9967304891	0.9611875475	0.003269510942	0.9252753422	0.9693969785	0.9979217599	
ISIC_0001216	0.9893923498	0.863007484	0.01060765017	0.7590265299	0.9872062556	0.9894689309	
ISIC_0001247	0.9527478912	0.70796453	0.04725210879	0.5479451195	1.0	0.9498770882	
ISIC_0001254	0.9791102398	0.8641111934	0.02088976023	0.7607357237	1.0	0.9776240624	
ISIC_0001262	0.9824592742	0.783769192	0.01754072578	0.6444247152	0.6783705358	0.9974101205	
ISIC_0001267	0.9851036286	0.8824821939	0.01489637136	0.7896806557	0.9963620106	0.9844340496	
ISIC_0001275	0.9813386099	0.8546400275	0.0186613901	0.7461759168	0.9829823504	0.9812414515	
ISIC_0001286	0.9808142007	0.8588788881	0.01918579932	0.7526623415	0.9999943809	0.9796249565	
ISIC_0001292	0.9860545202	0.8848864463	0.01394547981	0.7935393156	0.992386257	0.9856930099	
ISIC_0001296	0.9865920519	0.855398071	0.01340794806	0.7473323689	0.7566552538	0.999310006	
ISIC_0001306	0.9906063988	0.8467948838	0.00939360119	0.7342968496	0.7751150945	0.9980737259	
ISIC_0001367	0.9934557928	0.9452339117	0.006544207189	0.8961550074	0.9106808443	0.9989283573	
ISIC_0001372	0.9961774061	0.9685884199	0.003822593852	0.9390901155	0.9938536607	0.996323891	
ISIC_0001374	0.9812429794	0.8771278322	0.01875702056	0.7811466499	0.9269388348	0.9854704717	
ISIC_0001385	0.990514213	0.9320018014	0.009485786985	0.8726623347	0.8757051536	0.9997204023	
ISIC_0001423	0.9751706913	0.8406415649	0.02482930865	0.7250920331	0.8802365241	0.9828014918	
ISIC_0001442	0.9790849789	0.8468429511	0.0209150211	0.7343691408	0.7343691408	1.0	
ISIC_0001449	0.994405044	0.948126902	0.005594955961	0.9013700452	0.989357988	0.9946801003	
ISIC_0001742	0.9924253459	0.9300793115	0.00757465409	0.8692974362	0.9974019901	0.9921606038	
ISIC_0002093	0.9892734775	0.9741760223	0.01072652248	0.9496522244	0.9966168937	0.9874029692	
ISIC_0002206	0.9918264663	0.923067422	0.008173533688	0.8571264727	0.9810893481	0.9923913374	
ISIC_0002251	0.9839098062	0.9297119747	0.01609019379	0.8686558691	0.9710121283	0.9854972397	
ISIC_0002287	0.969153846	0.8441095718	0.03084615405	0.7302678101	0.7302678101	1.0	
ISIC_0002353	0.9866709512	0.91057714	0.01332904883	0.8358344344	0.97926312	0.9872225453	
ISIC_0002374	0.9902091141	0.9112506449	0.009790885876	0.8369700893	1.0	0.98969093	
ISIC_0002438	0.99143115	0.9439134034	0.008568849994	0.8937840954	0.9936863235	0.991254704	
ISIC_0002439	0.8944236452	0.6253812342	0.1055763548	0.4549488555	1.0	0.8842207683	
ISIC_0002453	0.9830473277	0.8784372214	0.01695267227	0.7832260825	0.9998554093	0.9819504602	
ISIC_0002459	0.8900702449	0.6104074429	0.1099297551	0.4392708062	0.9858787033	0.8809002032	
ISIC_0002469	0.9859095162	0.9120629945	0.0140904838	0.8383417329	0.8386873888	0.9999606485	
ISIC_0002476	0.7718726379	0.0	0.2281273621	0.0	0.0	0.8252616456	
ISIC_0002488	0.9916161777	0.9086087742	0.008383822279	0.8325234368	0.8386543083	0.9996149087	
ISIC_0002489	0.9774303915	0.8809859295	0.02256960848	0.7872876246	1.0	0.9753732106	
ISIC_0002616	0.9908372136	0.8740395201	0.009162786402	0.7762612771	0.9932661656	0.9907569026	
ISIC_0002647	0.9946505239	0.9356741615	0.005349476066	0.8791237867	0.9802741524	0.9952446935	
ISIC_0002780	0.986814441	0.8658926292	0.01318555899	0.7635014562	0.76763915	0.9996818385	
ISIC_0002806	0.9913721694	0.9660459344	0.008627830606	0.9343219071	0.9637368763	0.995405335	
ISIC_0002836	0.9885157691	0.9388016561	0.01148423088	0.8846618179	0.9104654214	0.9968758142	
ISIC_0002879	0.9846438479	0.893346412	0.01535615211	0.8072502738	0.8273963526	0.9978966719	
ISIC_0002885	0.9855217199	0.8994616331	0.01447828012	0.8172923909	0.865909494	0.9951911818	
ISIC_0002948	0.996114254	0.9659814319	0.003885746042	0.9342012433	0.9851033481	0.9967674869	
ISIC_0002975	0.9637920169	0.6876161249	0.03620798308	0.5239443565	1.0	0.9622892308	
ISIC_0002976	0.9484821929	0.6039112339	0.05151780708	0.4325736648	1.0	0.9463761564	
ISIC_0003005	0.8645716871	0.5561670155	0.1354283129	0.385201766	0.9998820926	0.8520240709	
ISIC_0003051	0.912297629	0.4130770845	0.087702371	0.2603006614	1.0	0.9095047166	
ISIC_0003174	0.9754544661	0.7857019083	0.02454553388	0.6470420349	0.9537547937	0.9765289179	
ISIC_0003308	0.8216936466	0.5120731183	0.1783063534	0.3441520713	1.0	0.8032882885	
ISIC_0003346	0.9844965995	0.7874063669	0.01550340053	0.6493571675	1.0	0.9840383267	
ISIC_0004110	0.986530048	0.9516028841	0.01346995202	0.9076740766	0.9959204318	0.9850899369	
ISIC_0004166	0.9807983378	0.8758256184	0.0192016622	0.7790834169	0.7810893724	0.9997555921	
ISIC_0004168	0.9973903197	0.9587414525	0.002609680268	0.92075254	0.9816885165	0.997890753	
ISIC_0004309	0.9940389236	0.9087142653	0.005961076377	0.832700581	0.8860029636	0.9977821393	
ISIC_0004715	0.9835010393	0.9056483067	0.0164989607	0.8275660488	0.9812983423	0.9836943828	
ISIC_0004985	0.9868924776	0.8938214642	0.01310752243	0.8080264037	0.9912709436	0.9866344275	
ISIC_0005187	0.9952737557	0.9560274033	0.004726244279	0.9157590979	0.9474486601	0.9980158844	
ISIC_0005247	0.9862128107	0.9240279332	0.01378718926	0.8587843139	0.8820049937	0.9971596115	
ISIC_0005548	0.993311937	0.9709909109	0.006688062957	0.9436174288	0.9784501115	0.995231691	
ISIC_0005555	0.9893340052	0.9359095416	0.01066599479	0.8795394548	0.9716529342	0.9908746127	
ISIC_0005564	0.9429155053	0.8773238682	0.05708449468	0.7814576648	0.7814576648	1.0	
ISIC_0005620	0.9869584987	0.90841019	0.01304150132	0.8321900605	0.9938044755	0.9864819675	
ISIC_0005639	0.9702067652	0.9135742785	0.02979323481	0.8408989776	0.844268336	0.9990813279	
ISIC_0005666	0.9835741974	0.8921860802	0.01642580257	0.8053573476	0.8157092739	0.9988316958	
ISIC_0005787	0.973024009	0.8552290809	0.02697599101	0.7470744292	0.7471422243	0.9999891668	
ISIC_0006021	0.9863856084	0.8892342827	0.01361439161	0.800559712	0.8148481426	0.9987169539	
ISIC_0006326	0.9939406704	0.9637104538	0.006059329596	0.9299625355	0.9525984708	0.9977545402	
ISIC_0006350	0.9829336538	0.9231799512	0.01706634621	0.857320545	0.8605564472	0.9994893777	
ISIC_0006612	0.993714904	0.9492984485	0.006285095983	0.9034900988	0.9424745216	0.9971268529	
ISIC_0006776	0.7371968367	0.3386100627	0.2628031633	0.2038113119	0.9978661852	0.7183528357	
ISIC_0006795	0.9790509083	0.848448049	0.02094909166	0.736786602	0.9928654515	0.9781837786	
ISIC_0006800	0.9861216091	0.9191713844	0.01387839086	0.8504321325	1.0	0.984932619	
ISIC_0006940	0.9779201561	0.838698794	0.02207984393	0.722206082	0.9258200759	0.9813640077	
ISIC_0006982	0.9539712393	0.8598077239	0.04602876066	0.7540901144	0.7547872858	0.9997873428	
ISIC_0007038	0.9915317636	0.8860221264	0.008468236416	0.7953677962	0.9902955915	0.9915742628	
ISIC_0007087	0.9938837514	0.973143926	0.006116248583	0.9476926228	0.9608577723	0.9981890517	
ISIC_0007475	0.9073447473	0.7282480369	0.09265525269	0.5726337038	0.964703693	0.898872817	
ISIC_0007557	0.9802829021	0.9286532963	0.01971709787	0.8668093094	0.9979499727	0.9776760134	
ISIC_0007760	0.9813602621	0.8881696071	0.01863973792	0.7988355173	1.0	0.9798702705	
ISIC_0007788	0.9777457407	0.9011731628	0.02225425934	0.8201230005	0.9999878947	0.9752340611	
ISIC_0008029	0.99282211	0.940650597	0.007177889957	0.887951222	0.9830131915	0.9934245692	
ISIC_0008145	0.9923257222	0.8651720308	0.007674277838	0.7623816599	0.9851939465	0.9925085313	
ISIC_0008236	0.9897702499	0.9275182208	0.01022975013	0.8648335467	0.9984610715	0.989160567	
ISIC_0008256	0.9959560191	0.955173647	0.004043980851	0.9141936784	0.9956760419	0.9959686824	
ISIC_0008280	0.9888030347	0.8947984077	0.01119696528	0.8096246095	0.8103749567	0.9999421417	
ISIC_0008294	0.9871801055	0.824867847	0.01281989455	0.7019362417	1.0	0.9867810153	
ISIC_0008347	0.9749619725	0.4137440468	0.02503802747	0.2608305714	0.2608305714	1.0	
ISIC_0008396	0.9829515083	0.5987279561	0.01704849174	0.4272746028	0.4272746028	1.0	
ISIC_0008403	0.9552613484	0.8013584396	0.04473865163	0.6685555265	0.9637332838	0.9543860951	
ISIC_0008524	0.9931407252	0.8854523202	0.006859274773	0.7944499247	0.9999752909	0.9929545945	
ISIC_0008528	0.9915822048	0.9529348853	0.008417795153	0.9101008829	0.9977230871	0.9910087119	
ISIC_0008541	0.9927937778	0.8948731487	0.007206222225	0.8097469966	1.0	0.9925657636	
ISIC_0008552	0.9896898386	0.8846942121	0.01031016136	0.7932301811	1.0	0.9892652489	
ISIC_0008785	0.9747599561	0.8829082209	0.02524004393	0.790363189	0.9980250244	0.972307901	
ISIC_0008807	0.9821619715	0.8126415883	0.01783802852	0.6844113625	1.0	0.9814441378	
ISIC_0008879	0.9978722139	0.9668614045	0.002127786061	0.9358486933	0.9819933476	0.9983905227	
ISIC_0008913	0.9340771181	0.7521320312	0.06592288186	0.6027336626	0.6027336626	1.0	
ISIC_0008993	0.9903188513	0.9293322605	0.009681148694	0.8679931469	0.8967200046	0.9974710472	
ISIC_0009160	0.9628581467	0.7872938635	0.03714185327	0.6492041557	0.9990678002	0.9601828166	
ISIC_0009165	0.9762124409	0.8176784137	0.02378755909	0.6915871479	1.0	0.9748720829	
ISIC_0009188	0.9838182628	0.7028609492	0.01618173725	0.5418547447	0.5418547447	1.0	
ISIC_0009252	0.9895262503	0.9207870187	0.01047374969	0.8532023193	0.9995878977	0.9888737645	
ISIC_0009297	0.9891719968	0.8870607648	0.01082800315	0.7970433037	0.8200913732	0.9984186022	
ISIC_0009344	0.9737238688	0.8198063124	0.02627613119	0.6946370931	0.9955511306	0.9723296551	
ISIC_0009430	0.9911088278	0.9393932617	0.00889117221	0.8857130809	0.8935866973	0.9992572361	
ISIC_0009504	0.9940702038	0.9119292476	0.005929796244	0.8381157619	1.0	0.9938823929	
ISIC_0009505	0.9947484586	0.9080439499	0.005251541406	0.8315755472	0.998612377	0.994645458	
ISIC_0009533	0.980396036	0.8603220537	0.01960396403	0.7548817247	0.9994333848	0.9791720954	
ISIC_0009583	0.9943416531	0.94072415	0.005658346915	0.8880823158	0.9396835081	0.9970843693	
ISIC_0009599	0.9881809407	0.9208956721	0.01181905933	0.8533889155	1.0	0.9873077659	
ISIC_0009758	0.9826597209	0.9290289576	0.01734027909	0.8674641244	0.9192429818	0.9915923329	
ISIC_0009800	0.9904964894	0.9200064789	0.009503510581	0.8518629612	0.9999610443	0.9899493278	
ISIC_0009860	0.993512402	0.9161129111	0.006487598	0.8452106501	0.8695431952	0.9987773484	
ISIC_0009868	0.9577382406	0.8651771082	0.04226175944	0.762389545	0.762389545	1.0	
ISIC_0009870	0.9871457418	0.7976540763	0.01285425822	0.6634147966	0.6634147966	1.0	
ISIC_0009871	0.8576291402	0.7838083634	0.1423708598	0.6444776792	0.6444776792	1.0	
ISIC_0009873	0.9734319051	0.9479466661	0.02656809489	0.901044306	0.943794306	0.983647117	
ISIC_0009875	0.9152997335	0.8642694276	0.08470026652	0.7609810359	0.8162657327	0.9641583527	
ISIC_0009877	0.9852714539	0.9684540783	0.01472854614	0.9388375814	0.9389069901	0.999976552	
ISIC_0009883	0.9877128601	0.9630885942	0.01228713989	0.9288050926	0.9288256228	0.9999953896	
ISIC_0009884	0.9791653951	0.8915410635	0.0208346049	0.804306803	0.804306803	1.0	
ISIC_0009888	0.9552205404	0.72784321	0.04477945964	0.5721332588	0.5721332588	1.0	
ISIC_0009893	0.9619166056	0.8577264738	0.03808339437	0.7508941196	0.771188902	0.9952731391	
ISIC_0009895	0.9272829692	0.8508677454	0.07271703084	0.7404437061	0.9365577817	0.9246441766	
ISIC_0009896	0.8434346517	0.7031286166	0.1565653483	0.5421729754	0.5422314446	0.9999439636	
ISIC_0009897	0.9788564046	0.9825216062	0.02114359538	0.9656437053	0.983381623	0.971945047	
ISIC_0009899	0.8277015686	0.6521557201	0.1722984314	0.4838509388	0.4838509388	1.0	
ISIC_0009900	0.85191981	0.7904426518	0.14808019	0.6534974575	0.6534974575	1.0	
ISIC_0009904	0.9495773315	0.9416325918	0.05042266846	0.8897029372	0.8897029372	1.0	
ISIC_0009905	0.9854850769	0.9622760606	0.0145149231	0.927294846	0.9513258145	0.9937384945	
ISIC_0009909	0.9209111532	0.7591651824	0.07908884684	0.6118180854	0.6119326588	0.9999520945	
ISIC_0009910	0.8722432454	0.8089275662	0.1277567546	0.6791590027	0.6857835661	0.9936490274	
ISIC_0009911	0.9459533691	0.7660501982	0.05404663086	0.6208114763	0.6208114763	1.0	
ISIC_0009912	0.9696121216	0.7459497385	0.03038787842	0.5948324093	0.5948324093	1.0	
ISIC_0009914	0.9777984619	0.939584357	0.02220153809	0.8860529012	0.8864925924	0.9998799897	
ISIC_0009915	0.8993822734	0.8426511616	0.1006177266	0.7280874475	0.7314530328	0.9973045442	
ISIC_0009917	0.984114329	0.9201117783	0.01588567098	0.8520435354	0.8610067259	0.9987494202	
ISIC_0009919	0.8914044698	0.8056137859	0.1085955302	0.6745002382	0.6745002382	1.0	
ISIC_0009921	0.7516581217	0.7643709085	0.2483418783	0.6186087021	0.6219194003	0.9901615086	
ISIC_0009925	0.9003791809	0.8118176905	0.09962081909	0.6832433744	0.6832433744	1.0	
ISIC_0009929	0.9970753988	0.9253052741	0.002924601237	0.8609935936	0.865281827	0.9998935021	
ISIC_0009932	0.9917284648	0.9829760618	0.008271535238	0.9665220502	0.9881871327	0.9928569632	
ISIC_0009933	0.9805831909	0.9499521481	0.01941680908	0.9046751025	0.9454774394	0.9890816797	
ISIC_0009934	0.6597137451	0.7530470924	0.3402862549	0.6039098092	0.6048811873	0.9903023694	
ISIC_0009935	0.9640782674	0.8540157301	0.03592173258	0.7452246532	0.7452246532	1.0	
ISIC_0009936	0.9939943949	0.9094568947	0.006005605062	0.833948599	0.8363892807	0.9998905117	
ISIC_0009937	0.9801928202	0.84541873	0.01980717977	0.7322297286	0.7351362546	0.999684278	
ISIC_0009938	0.8898379008	0.7183343575	0.1101620992	0.5604693873	0.5604693873	1.0	
ISIC_0009939	0.9837875366	0.9656360167	0.01621246338	0.9335553367	0.9347390501	0.9995914497	
ISIC_0009940	0.9843037923	0.9849120808	0.01569620768	0.970272685	0.9840316534	0.9845993469	
ISIC_0009941	0.9801266988	0.9352587125	0.01987330119	0.8783905756	0.8783905756	1.0	
ISIC_0009942	0.9613507589	0.8990229528	0.03864924113	0.8165682973	0.885209973	0.9797199718	
ISIC_0009944	0.543703715	0.1860096904	0.456296285	0.1025417222	0.4019863524	0.5648227153	
ISIC_0009947	0.93861262	0.7650468427	0.06138737996	0.6194946247	0.6194946247	1.0	
ISIC_0009949	0.9814275106	0.9517644961	0.01857248942	0.9079681928	0.9079681928	1.0	
ISIC_0009950	0.9126675924	0.7924763185	0.08733240763	0.6562822168	0.6562822168	1.0	
ISIC_0009951	0.8091723124	0.5870069542	0.1908276876	0.4154351332	0.4154351332	1.0	
ISIC_0009953	0.8682759603	0.8353298744	0.1317240397	0.7172244363	0.8872874631	0.8567938047	
ISIC_0009960	0.9956601461	0.9413664554	0.004339853923	0.8892278732	0.9872797377	0.9959666843	
ISIC_0009961	0.9029541016	0.8538692482	0.09704589844	0.7450016038	0.7456443663	0.9994706541	
ISIC_0009962	0.7340024312	0.7561885559	0.2659975688	0.607960764	0.6094524372	0.9948612215	
ISIC_0009963	0.975402832	0.8919824438	0.02459716797	0.8050255511	0.8052690481	0.9999563477	
ISIC_0009964	0.9960683187	0.9688142978	0.003931681315	0.939514867	0.9588915287	0.998597125	
ISIC_0009966	0.9743423462	0.9314405703	0.02565765381	0.8716787708	0.8716787708	1.0	
ISIC_0009967	0.9918225606	0.976371646	0.008177439372	0.9538341158	0.9577323675	0.9991245907	
ISIC_0009968	0.7506980896	0.6138602161	0.2493019104	0.442855925	0.442855925	1.0	
ISIC_0009969	0.9893862406	0.9817072503	0.01061375936	0.9640717274	0.9652683204	0.9994805157	
ISIC_0009971	0.9881680806	0.7525595001	0.01183191935	0.6032828821	0.6040039271	0.999963303	
ISIC_0009972	0.9702161153	0.8313715327	0.02978388468	0.7114079075	0.7114079075	1.0	
ISIC_0009973	0.9898414612	0.9811658812	0.01015853882	0.9630280957	0.9976843084	0.9870105822	
ISIC_0009974	0.8790524801	0.8281395958	0.1209475199	0.7066879236	0.7066879236	1.0	
ISIC_0009975	0.9507726034	0.8727191431	0.04922739665	0.7741807534	0.7741807534	1.0	
ISIC_0009976	0.9332122803	0.6185565513	0.06678771973	0.4477610371	0.4477610371	1.0	
ISIC_0009978	0.9425201416	0.8332521801	0.0574798584	0.714166477	0.714166477	1.0	
ISIC_0009979	0.9558194478	0.7253164257	0.04418055216	0.5690168449	0.5690168449	1.0	
ISIC_0009981	0.989074707	0.9123050543	0.01092529297	0.8387508445	0.8398383914	0.9999058942	
ISIC_0009983	0.7509969076	0.7379046722	0.2490030924	0.5846663528	0.586317791	0.9958011092	
ISIC_0009986	0.9961547852	0.9701156241	0.003845214844	0.9419655708	0.9950130755	0.9962311916	
ISIC_0009987	0.9289054871	0.8320441226	0.07109451294	0.7123934548	0.7123934548	1.0	
ISIC_0009991	0.9904441833	0.9814712996	0.00955581665	0.9636167339	0.9641115067	0.9998172373	
ISIC_0009995	0.4151089986	0.5373893576	0.5848910014	0.3674179184	0.3684023282	0.968268744	
ISIC_0010000	0.9271863302	0.9281461395	0.07281366984	0.8659260126	0.8840795544	0.9761750819	
ISIC_0010001	0.6912269592	0.3166156816	0.3087730408	0.1880828271	0.1880828271	1.0	
ISIC_0010002	0.8249715169	0.7615873852	0.1750284831	0.6149706294	0.9447304417	0.7746397986	
ISIC_0010003	0.9937744141	0.9394374211	0.006225585938	0.8857915977	0.8857915977	1.0	
ISIC_0010005	0.8452974955	0.8499860051	0.1547025045	0.7391092708	0.7847304121	0.9219166719	
ISIC_0010006	0.8870455424	0.805224648	0.1129544576	0.6739548541	0.6739548541	1.0	
ISIC_0010010	0.9897753398	0.952269584	0.01022466024	0.9088879824	0.9337081529	0.9966510783	
ISIC_0010014	0.9474411011	0.7973823529	0.05255889893	0.6630389591	0.6630389591	1.0	
ISIC_0010015	0.9885698954	0.9793492569	0.01143010457	0.9595341634	0.9637032784	0.9982998824	
ISIC_0010017	0.8881251017	0.8466528626	0.1118748983	0.7340832913	0.7340832913	1.0	
ISIC_0010019	0.9620310465	0.9442519379	0.03796895345	0.8943913532	0.8943913532	1.0	
ISIC_0010021	0.8793640137	0.8720756824	0.1206359863	0.7731686149	0.7733442703	0.9997420427	
ISIC_0010022	0.889638265	0.8891836886	0.110361735	0.8004777022	0.8131535807	0.9810699749	
ISIC_0010024	0.906405131	0.5305140962	0.09359486898	0.3610202009	0.3610202009	1.0	
ISIC_0010025	0.9766311646	0.9227120184	0.02336883545	0.8565137958	0.8574711386	0.9997828375	
ISIC_0010029	0.7831637065	0.6684875902	0.2168362935	0.5020513405	0.5034243467	0.9979006849	
ISIC_0010032	0.9842236837	0.9349147812	0.01577631632	0.8777840165	0.8819628647	0.9992982159	
ISIC_0010035	0.4980341593	0.2020851272	0.5019658407	0.1123997194	0.1123997194	1.0	
ISIC_0010036	0.9741312663	0.9700383799	0.02586873372	0.9418199289	0.959197642	0.985702808	
ISIC_0010040	0.8032519023	0.439957869	0.1967480977	0.2820166585	0.2820166585	1.0	
ISIC_0010042	0.9720357259	0.9052485545	0.02796427409	0.8268987068	0.8900175369	0.986519947	
ISIC_0010043	0.8282051086	0.6475831253	0.1717948914	0.4788339582	0.4788339582	1.0	
ISIC_0010044	0.9809989929	0.9402688561	0.01900100708	0.8872711362	0.9128049112	0.9943611681	
ISIC_0010046	0.9597663879	0.8213735287	0.04023361206	0.6968904472	0.6993155557	0.999469524	
ISIC_0010051	0.7594413757	0.7616589123	0.2405586243	0.6150639108	0.6155586463	0.9986626535	
ISIC_0010052	0.9657758077	0.7731506064	0.0342241923	0.6301919457	0.6619234544	0.9951348412	
ISIC_0010053	0.9939028422	0.9565327749	0.006097157796	0.9166869375	0.9254179018	0.9992555739	
ISIC_0010054	0.8773384094	0.756010269	0.1226615906	0.6077303133	0.6085766758	0.9993676725	
ISIC_0010056	0.2513211568	0.3600823828	0.7486788432	0.2195734585	0.2197569679	0.9806878793	
ISIC_0010057	0.8792215983	0.8824981877	0.1207784017	0.7897062698	0.7900718551	0.9993760598	
ISIC_0010060	0.9765345256	0.7108973556	0.02346547445	0.5514668352	0.5514668352	1.0	
ISIC_0010063	0.307694753	0.3540288145	0.692305247	0.2150880997	0.2156433382	0.9811149177	
ISIC_0010064	0.9747886658	0.9006160432	0.02521133423	0.819200642	0.8296408485	0.997965049	
ISIC_0010065	0.4279301961	0.5974045266	0.5720698039	0.4259278872	0.4263870881	0.7647058824	
ISIC_0010066	0.9728062948	0.9501851809	0.02719370524	0.905097893	0.905097893	1.0	
ISIC_0010067	0.9337031047	0.8316575938	0.06629689535	0.7118269348	0.7745481882	0.9763753372	
ISIC_0010068	0.7241872152	0.2359757945	0.2758127848	0.1337712905	0.1337712905	1.0	
ISIC_0010069	0.9846165975	0.8949388634	0.01538340251	0.8098546169	0.8098800748	0.999997233	
ISIC_0010070	0.8675931295	0.8039714379	0.1324068705	0.6722008682	0.9290220408	0.8422256399	
ISIC_0010071	0.7186024984	0.7865543722	0.2813975016	0.6481991069	0.6481991069	1.0	
ISIC_0010074	0.9225603739	0.8032157063	0.07743962606	0.671144926	0.6714785061	0.9998470066	
ISIC_0010075	0.6131108602	0.5634065146	0.3868891398	0.3921822842	0.400992273	0.9629508605	
ISIC_0010078	0.9004402161	0.8816674198	0.09955978394	0.7883767633	0.7935047553	0.9942913762	
ISIC_0010079	0.8687667847	0.837853379	0.1312332153	0.7209532462	0.7236042627	0.996757869	
ISIC_0010080	0.9952697754	0.9879243519	0.004730224609	0.9761368666	0.9793534436	0.9991886603	
ISIC_0010081	0.8947283427	0.2262493341	0.1052716573	0.1275541926	0.1275541926	1.0	
ISIC_0010083	0.8356323242	0.7739562895	0.1643676758	0.631263211	0.631263211	1.0	
ISIC_0010086	0.5112749736	0.0	0.4887250264	0.0	0.0	0.6222634572	
ISIC_0010087	0.9954744975	0.9269154157	0.004525502523	0.8637859767	0.8891383997	0.999021088	
ISIC_0010090	0.994942983	0.9389927749	0.005057017008	0.8850013012	0.913121308	0.9985854958	
ISIC_0010091	0.9843864441	0.9812862627	0.01561355591	0.9632600669	0.987788227	0.9819789497	
ISIC_0010093	0.5180079142	0.4112367858	0.4819920858	0.2588408279	0.2655545392	0.9550929399	
ISIC_0010094	0.9812660217	0.9548774773	0.01873397827	0.913651229	0.9998781333	0.9766638542	
ISIC_0010101	0.493947347	0.375069092	0.506052653	0.230821563	0.2796902115	0.748483019	
ISIC_0010102	0.865948995	0.6923243054	0.134051005	0.5294311948	0.531254759	0.9986345153	
ISIC_0010104	0.9947484334	0.9496292321	0.005251566569	0.9040895474	0.9747127012	0.9958204453	
ISIC_0010105	0.9709421794	0.887857255	0.02905782064	0.7983303034	0.7983514398	0.9999955431	
ISIC_0010168	0.9882202148	0.9753698248	0.01177978516	0.9519237755	0.9566351143	0.9984042025	
ISIC_0010169	0.7529818217	0.8279663306	0.2470181783	0.7064356189	0.7112616375	0.9652431047	
ISIC_0010170	0.9762293498	0.8935712334	0.02377065023	0.807617499	0.8104114172	0.9995142083	
ISIC_0010174	0.8418299357	0.5915130339	0.1581700643	0.4199634417	0.4199634417	1.0	
ISIC_0010176	0.99731191	0.9830741885	0.002688090007	0.9667118068	0.9931570007	0.9976663534	
ISIC_0010177	0.9955838521	0.9465585425	0.004416147868	0.898539293	0.939919934	0.9980005546	
ISIC_0010178	0.9881108602	0.9464306176	0.01188913981	0.8983087715	0.8991106321	0.9998819412	
ISIC_0010182	0.9956843058	0.9467808198	0.004315694173	0.8989399714	0.9369665746	0.9981928134	
ISIC_0010184	0.9750467936	0.8414580943	0.02495320638	0.7263078618	0.7297785874	0.9995231249	
ISIC_0010185	0.9864578247	0.9115624792	0.01354217529	0.8374963761	0.8429370028	0.9994135735	
ISIC_0010186	0.7984441121	0.5862200387	0.2015558879	0.4146472965	0.4146472965	1.0	
ISIC_0010189	0.437664032	0.597611541	0.562335968	0.4261383764	0.4262285295	0.9897856874	
ISIC_0010191	0.924524943	0.8925788249	0.07547505697	0.805997614	0.8187489624	0.9901801575	
ISIC_0010194	0.9092725118	0.7439486972	0.0907274882	0.5922916488	0.5931355719	0.9995929217	
ISIC_0010203	0.9713897705	0.7837827449	0.02861022949	0.6444430398	0.6444430398	1.0	
ISIC_0010204	0.4240620931	0.5835653316	0.5759379069	0.4119959392	0.4122115988	0.9756362977	
ISIC_0010205	0.5831400553	0.3006161146	0.4168599447	0.1768971197	1.0	0.5421187302	
ISIC_0010212	0.9812927246	0.972408723	0.01870727539	0.9462991218	0.9994564191	0.9723531945	
ISIC_0010213	0.9536488851	0.9067828684	0.04635111491	0.8294627318	0.88249114	0.9780642429	
ISIC_0010218	0.9473571777	0.877311522	0.05264282227	0.7814380741	0.8268349905	0.9828781782	
ISIC_0010219	0.9291699727	0.7847534845	0.07083002726	0.6457566218	0.6457566218	1.0	
ISIC_0010220	0.9712562561	0.754296149	0.0287437439	0.6055180357	0.6055180357	1.0	
ISIC_0010222	0.6055335999	0.6938293318	0.3944664001	0.5311934716	0.531425565	0.997687926	
ISIC_0010223	0.9318669637	0.8597498731	0.0681330363	0.7540011202	0.7540011202	1.0	
ISIC_0010225	0.9736849467	0.886339296	0.0263150533	0.7958791155	0.7959733265	0.9999824832	
ISIC_0010226	0.9277865092	0.6838744872	0.0722134908	0.5196119067	0.5196119067	1.0	
ISIC_0010227	0.9698206584	0.8169887266	0.03017934163	0.6906009647	0.6906819989	0.9999873191	
ISIC_0010228	0.5465393066	0.648649341	0.4534606934	0.4800007582	0.4812252213	0.9829549895	
ISIC_0010230	0.9962565104	0.9790968475	0.003743489583	0.9590496856	0.9743785419	0.9984196649	
ISIC_0010232	0.6715291341	0.704982812	0.3284708659	0.5443810464	0.5443810464	1.0	
ISIC_0010233	0.980187734	0.9699185846	0.01981226603	0.9415941013	0.957355581	0.9916191683	
ISIC_0010235	0.6084340413	0.6986682062	0.3915659587	0.5368870641	0.5371390999	0.9974386129	
ISIC_0010236	0.9772122701	0.7603856079	0.0227877299	0.613404953	0.6146380477	0.999874353	
ISIC_0010237	0.9651667277	0.5316464353	0.0348332723	0.3620697685	0.3620697685	1.0	
ISIC_0010239	0.8620770772	0.8977394967	0.1379229228	0.8144531116	0.8206595089	0.9785672386	
ISIC_0010240	0.9649175008	0.8944319451	0.03508249919	0.8090247735	0.8238631958	0.995963169	
ISIC_0010241	0.9616177877	0.899002573	0.03838221232	0.8165346721	0.8183501663	0.9994134379	
ISIC_0010242	0.7483825684	0.4897343462	0.2516174316	0.3242703328	0.3242714402	0.999997974	
ISIC_0010244	0.9888763428	0.8346501342	0.01112365723	0.7162227917	0.7162227917	1.0	
ISIC_0010246	0.9573542277	0.8058806506	0.0426457723	0.6748744595	1.0	0.9532125399	
ISIC_0010247	0.9883499146	0.9765372914	0.01165008545	0.95415034	0.966831638	0.9955517917	
ISIC_0010248	0.922609965	0.8712819775	0.07739003499	0.7719217379	0.7724051297	0.9996786929	
ISIC_0010249	0.755791982	0.7469720784	0.244208018	0.5961336261	0.5965162205	0.999019926	
ISIC_0010251	0.9985555013	0.9789301877	0.001444498698	0.9587299281	0.977117891	0.9993179041	
ISIC_0010252	0.6728502909	0.75511018	0.3271497091	0.6065678808	0.6068509183	0.9977032614	
ISIC_0010256	0.995938619	0.939099264	0.004061381022	0.8851905104	0.9993101489	0.9958295539	
ISIC_0010262	0.9933204651	0.9685714457	0.006679534912	0.9390582039	0.9726040565	0.9957722324	
ISIC_0010263	0.9954973857	0.9298186503	0.004502614339	0.8688421365	0.8797914635	0.9995577609	
ISIC_0010264	0.8978652954	0.8990155773	0.1021347046	0.816556128	0.8165896976	0.999948364	
ISIC_0010265	0.9826126099	0.9362184451	0.01738739014	0.88008524	0.9171639813	0.9931906572	
ISIC_0010266	0.9649556478	0.7052343366	0.03504435221	0.544681062	0.544681062	1.0	
ISIC_0010267	0.6982294718	0.6418040655	0.3017705282	0.4725415893	0.5069964088	0.9167007197	
ISIC_0010317	0.9965883891	0.9719389623	0.003411610921	0.9454097827	0.9633445981	0.9987604968	
ISIC_0010318	0.9726117452	0.87675873	0.0273882548	0.780561357	0.780561357	1.0	
ISIC_0010319	0.852818807	0.8244300514	0.147181193	0.7013024214	0.7020978118	0.9989007467	
ISIC_0010320	0.4176902771	0.3021260189	0.5823097229	0.1779437239	0.1860671154	0.9041264911	
ISIC_0010321	0.7215817769	0.3508172711	0.2784182231	0.2127218924	0.2127218924	1.0	
ISIC_0010322	0.2449544271	0.2308692667	0.7550455729	0.1304987033	0.1304987033	1.0	
ISIC_0010323	0.3552970886	0.4671139134	0.6447029114	0.3047283927	0.3113020674	0.7878867186	
ISIC_0010324	0.2442309062	0.1184242728	0.7557690938	0.06293888207	0.06293888207	1.0	
ISIC_0010325	0.9833030701	0.9738524739	0.01669692993	0.9490374913	0.9870627366	0.9815740916	
ISIC_0010327	0.9091453552	0.6612396228	0.09085464478	0.4939193257	0.4939193257	1.0	
ISIC_0010329	0.1827176412	0.1221682439	0.8172823588	0.0650581414	0.0650581414	1.0	
ISIC_0010330	0.9525680542	0.9350598705	0.0474319458	0.8780398491	0.9998808566	0.9280290742	
ISIC_0010332	0.9184265137	0.8784963181	0.08157348633	0.7833200481	0.793382436	0.992400616	
ISIC_0010333	0.860970815	0.7891546865	0.139029185	0.6517386471	0.7458273342	0.9226576734	
ISIC_0010334	0.9387486776	0.9389758792	0.06125132243	0.8849712846	0.8849712846	1.0	
ISIC_0010335	0.8437156677	0.8683784701	0.1562843323	0.7673753523	0.7684691156	0.9970946742	
ISIC_0010337	0.9246444702	0.7592150171	0.07535552979	0.6118828222	0.6118828222	1.0	
ISIC_0010339	0.9865481059	0.944171491	0.01345189412	0.8942470135	0.9971130803	0.985187673	
ISIC_0010341	0.9728533427	0.8394486099	0.02714665731	0.723318775	0.723318775	1.0	
ISIC_0010342	0.8459993998	0.8507494507	0.1540006002	0.7402645587	0.8711854482	0.8204264785	
ISIC_0010344	0.9840278625	0.9622551362	0.01597213745	0.9272559853	0.9318376255	0.9986186295	
ISIC_0010349	0.8481381734	0.8774366884	0.1518618266	0.7816367054	0.8085913266	0.9292609492	
ISIC_0010350	0.9543011983	0.9125616453	0.04569880168	0.8391847145	0.8391847145	1.0	
ISIC_0010351	0.9738489787	0.8015784193	0.02615102132	0.668861803	0.7104061565	0.9950106943	
ISIC_0010352	0.9916216532	0.9118563803	0.008378346761	0.8379926729	0.8385493554	0.9999637967	
ISIC_0010356	0.9570554097	0.6855195404	0.04294459025	0.5215136789	0.5215136789	1.0	
ISIC_0010357	0.9394035339	0.629193025	0.06059646606	0.4589946189	0.4589946189	1.0	
ISIC_0010358	0.9498074849	0.84717033	0.05019251506	0.7348616643	0.7392461857	0.998616937	
ISIC_0010361	0.7434323629	0.7477727151	0.2565676371	0.5971541461	0.753030036	0.7336387132	
ISIC_0010362	0.99756368	0.975078692	0.002436319987	0.9513693241	0.9613244082	0.9994541375	
ISIC_0010364	0.9895401001	0.9708812098	0.0104598999	0.9434102448	0.9561712987	0.9969829396	
ISIC_0010365	0.9795417786	0.929206616	0.02045822144	0.8677739608	0.8692885252	0.9996811867	
ISIC_0010367	0.9752019246	0.8797063903	0.02479807536	0.7852462807	0.7870924303	0.9996938925	
ISIC_0010370	0.7346000671	0.6580232693	0.2653999329	0.4903388072	0.766189466	0.7188107898	
ISIC_0010371	0.972181956	0.926869219	0.02781804403	0.8637057435	0.8656688459	0.9994187931	
ISIC_0010372	0.9793001811	0.9491924283	0.02069981893	0.903298048	0.9523579884	0.986163807	
ISIC_0010380	0.9847577413	0.9407730581	0.01524225871	0.888169495	0.9946091644	0.9833925474	
ISIC_0010382	0.2619539897	0.2210624212	0.7380460103	0.1242665419	0.1242665419	1.0	
ISIC_0010435	0.9381904602	0.4033582502	0.06180953979	0.2526291513	0.2530337563	0.9998558551	
ISIC_0010436	0.9865277608	0.867132341	0.01347223918	0.7654312788	0.765583826	0.9999878587	
ISIC_0010438	0.9917195638	0.9694573425	0.008280436198	0.9407250981	0.9948691785	0.9912402022	
ISIC_0010439	0.9978777568	0.9406408934	0.002122243245	0.8879339287	0.9312676056	0.9991026013	
ISIC_0010440	0.9974873861	0.8867621777	0.002512613932	0.7965613096	0.8514361175	0.9991946948	
ISIC_0010441	0.9308153788	0.7507843955	0.06918462118	0.6010046566	0.8725685387	0.9387154209	
ISIC_0010442	0.9965273539	0.9943330726	0.003472646077	0.9887300113	0.9963985694	0.9965840739	
ISIC_0010443	0.9937947591	0.9775661064	0.006205240885	0.9561166865	0.9984599204	0.9930641347	
ISIC_0010445	0.8894627889	0.6995243823	0.1105372111	0.5378988832	0.5378988832	1.0	
ISIC_0010447	0.9567057292	0.9492411819	0.04329427083	0.9033863581	0.998106405	0.9284562168	
ISIC_0010450	0.9153582255	0.741889078	0.0846417745	0.5896849515	0.5896849515	1.0	
ISIC_0010455	0.9007174174	0.9077983867	0.0992825826	0.8311637482	0.9030837004	0.897926038	
ISIC_0010457	0.1910451253	0.06576207469	0.8089548747	0.03399895836	0.03399895836	1.0	
ISIC_0010458	0.9843673706	0.9424723686	0.01563262939	0.8912035398	0.9817887574	0.9847541449	
ISIC_0010459	0.6650619507	0.6840389317	0.3349380493	0.5198017997	0.5329692103	0.9461041647	
ISIC_0010461	0.990641276	0.9610985433	0.009358723958	0.9251104011	0.9968095254	0.9898320395	
ISIC_0010462	0.995765686	0.9746355285	0.004234313965	0.9505259405	0.997536485	0.9956084486	
ISIC_0010464	0.9860445658	0.9636229247	0.01395543416	0.9297995369	0.9969480413	0.9835629012	
ISIC_0010465	0.9931856791	0.9817093358	0.006814320882	0.96407575	0.9692999306	0.9987399324	
ISIC_0010466	0.96692276	0.8038042945	0.03307723999	0.6719672131	0.6721282527	0.9999731316	
ISIC_0010467	0.94800059	0.6723394709	0.05199940999	0.5064091732	0.5064091732	1.0	
ISIC_0010468	0.9827067057	0.9464815558	0.01729329427	0.8984005558	0.9720255415	0.9847007448	
ISIC_0010471	0.9969571431	0.9551191883	0.003042856852	0.9140939115	0.9243810354	0.9995915065	
ISIC_0010472	0.9916038513	0.8971575422	0.008396148682	0.8134956502	0.8174902784	0.9997697021	
ISIC_0010473	0.9783935547	0.972807318	0.02160644531	0.9470543696	0.9688875713	0.9847016591	
ISIC_0010475	0.9867884318	0.9572001747	0.0132115682	0.9179136316	0.9644226778	0.9908343119	
ISIC_0010476	0.9385236104	0.6980784483	0.06147638957	0.5361908691	0.5364533344	0.9999252467	
ISIC_0010479	0.8829320272	0.8500929734	0.1170679728	0.7392710487	0.7475957821	0.9910075151	
ISIC_0010480	0.8091189067	0.7621695699	0.1908810933	0.6157301933	0.6711318575	0.9246594865	
ISIC_0010481	0.9924697876	0.9697536161	0.007530212402	0.941283203	0.9634256487	0.9966302899	
ISIC_0010487	0.9802818298	0.9541975939	0.01971817017	0.9124071511	0.9237191694	0.9964549966	
ISIC_0010488	0.8584124247	0.8135110647	0.1415875753	0.6856457236	0.6856457236	1.0	
ISIC_0010490	0.8556811015	0.7375713027	0.1443188985	0.58424789	0.58424789	1.0	
ISIC_0010491	0.7647666931	0.0	0.2352333069	0.0	0.0	0.9761004799	
ISIC_0010492	0.7283426921	0.7987933629	0.2716573079	0.6649924653	0.6656751373	0.9956215815	
ISIC_0010493	0.9716326396	0.9652687936	0.02836736043	0.9328691235	0.9329308845	0.999951556	
ISIC_0010495	0.5655606588	0.6009700789	0.4344393412	0.4295619914	0.440319696	0.9276049217	
ISIC_0010496	0.9809773763	0.9729316996	0.0190226237	0.9472901648	0.9620453366	0.9914136423	
ISIC_0010497	0.740872701	0.6913876395	0.259127299	0.5283364733	0.5283364733	1.0	
ISIC_0010554	0.9622077942	0.8411397784	0.03779220581	0.7258336793	0.7440637737	0.9960980368	
ISIC_0010557	0.9826889038	0.9226767235	0.01731109619	0.8564529734	0.8682722424	0.9981367706	
ISIC_0010558	0.9689381917	0.9630108569	0.03106180827	0.9286605007	0.9297846523	0.9990684634	
ISIC_0010562	0.9631309509	0.8393156993	0.03686904907	0.723121437	0.7404227858	0.9964233408	
ISIC_0010566	0.9712766012	0.8870114994	0.02872339884	0.7969637593	0.7969637593	1.0	
ISIC_0010567	0.994111379	0.9718622215	0.005888621012	0.9452645762	0.9491686348	0.9995043956	
ISIC_0010568	0.8860232035	0.8760439153	0.1139767965	0.7794289539	0.7794289539	1.0	
ISIC_0010569	0.9969533285	0.9190868567	0.003046671549	0.8502874281	0.9348079962	0.9981253441	
ISIC_0010570	0.8804613749	0.8096710256	0.1195386251	0.680207777	0.680207777	1.0	
ISIC_0010571	0.9728088379	0.9539120052	0.02719116211	0.9118850517	0.9994670689	0.9623620612	
ISIC_0010572	0.8627967834	0.8357423721	0.1372032166	0.7178328509	0.7178328509	1.0	
ISIC_0010573	0.8742103577	0.8098067979	0.1257896423	0.6803994482	0.7025874723	0.9799149338	
ISIC_0010575	0.9703089396	0.9014526762	0.02969106038	0.820586111	1.0	0.9656433738	
ISIC_0010576	0.9856402079	0.9763371015	0.01435979207	0.9537681818	0.9920373351	0.9829165352	
ISIC_0010577	0.885122935	0.5412780218	0.114877065	0.371063184	0.371063184	1.0	
ISIC_0010581	0.9764238993	0.9379910035	0.02357610067	0.8832232181	0.999992869	0.9713091478	
ISIC_0010585	0.9951680501	0.8837351609	0.00483194987	0.7916895077	0.7916895077	1.0	
ISIC_0010586	0.9845275879	0.8821524038	0.01547241211	0.7891526599	0.7891526599	1.0	
ISIC_0010589	0.7931353251	0.7718952388	0.2068646749	0.6285255649	0.6299077996	0.9972499564	
ISIC_0010590	0.985109965	0.8808627531	0.01489003499	0.7870909091	0.7870909091	1.0	
ISIC_0010593	0.9513181051	0.5776939453	0.04868189494	0.4061671139	0.4061671139	1.0	
ISIC_0010594	0.9279607137	0.6902697443	0.0720392863	0.5270319909	0.6600311562	0.9650585928	
ISIC_0010595	0.9099311829	0.8848964469	0.09006881714	0.7935554008	0.8639184678	0.9407025302	
ISIC_0010602	0.9488309224	0.9517358009	0.05116907756	0.907915964	0.9229169574	0.9800775246	
ISIC_0010603	0.705552419	0.7430335541	0.294447581	0.59113237	0.59113237	1.0	
ISIC_0010605	0.2664375305	0.07941429445	0.7335624695	0.04134899797	0.04134899797	1.0	
ISIC_0010844	0.9444325765	0.8771270793	0.0555674235	0.7811454556	0.7913064654	0.9956492228	
ISIC_0010848	0.923180898	0.5797853471	0.07681910197	0.4082378294	0.4082378294	1.0	
ISIC_0010849	0.7864812215	0.5343707886	0.2135187785	0.3646016226	0.3646016226	1.0	
ISIC_0010850	0.9571698507	0.8125566927	0.04283014933	0.6842909364	0.6842909364	1.0	
ISIC_0010851	0.9735412598	0.9077651398	0.02645874023	0.8311080087	0.8322631511	0.999742237	
ISIC_0010852	0.9914716085	0.9427324812	0.00852839152	0.8916688203	0.8930680256	0.9998661362	
ISIC_0010853	0.9956334432	0.9571884506	0.004366556803	0.917892069	0.9231231665	0.9996818134	
ISIC_0010857	0.2672348022	0.2339422589	0.7327651978	0.1324658042	0.1324658042	1.0	
ISIC_0010858	0.5753517151	0.3330743838	0.4246482849	0.1998135853	0.4198210807	0.6279110915	
ISIC_0010860	0.9927113851	0.9858550862	0.007288614909	0.9721047483	0.9784712902	0.9977038775	
ISIC_0010861	0.9949874878	0.9286490009	0.005012512207	0.8668018246	0.9264020801	0.9974905798	
ISIC_0010862	0.8803329468	0.3763750099	0.1196670532	0.2318115404	0.2318115404	1.0	
ISIC_0010864	0.9853986104	0.9558239112	0.01460138957	0.915385749	0.985811213	0.9853198812	
ISIC_0011079	0.956413269	0.9510693149	0.04358673096	0.9067036825	0.9069949795	0.9997184712	
ISIC_0011082	0.9985656738	0.961674368	0.001434326172	0.9261780105	0.963048656	0.9992419697	
ISIC_0011084	0.723382314	0.5763621528	0.276617686	0.404851665	0.6815315958	0.7393443516	
ISIC_0011085	0.9369061788	0.7606889134	0.06309382121	0.6137998132	0.8679778991	0.9459095771	
ISIC_0011088	0.8968836466	0.7987002671	0.1031163534	0.6648634352	0.6677943307	0.9980532372	
ISIC_0011095	0.9445902507	0.8580678783	0.05540974935	0.7514175861	0.7560410042	0.9982489554	
ISIC_0011097	0.9884974162	0.953122247	0.01150258382	0.9104427372	0.9125115351	0.9996660118	
ISIC_0011099	0.868695577	0.7003128573	0.131304423	0.538831873	0.538831873	1.0	
ISIC_0011100	0.9404296875	0.8482832771	0.0595703125	0.7365381263	0.7365422684	0.9999983569	
ISIC_0011102	0.9136301676	0.8427401244	0.08636983236	0.7282202918	0.7282202918	1.0	
ISIC_0011105	0.8548838298	0.8446459735	0.1451161702	0.7310711298	0.7493508658	0.9722033516	
ISIC_0011109	0.4711138407	0.4058804456	0.5288861593	0.254611045	0.2922734482	0.7605792314	
ISIC_0011114	0.9603157043	0.8595574636	0.03968429565	0.7537051944	0.7537051944	1.0	
ISIC_0011115	0.9939231873	0.908670476	0.006076812744	0.8326270444	1.0	0.9937337575	
ISIC_0011116	0.7118721008	0.4323609354	0.2881278992	0.2758038793	0.2758038793	1.0	
ISIC_0011117	0.6155306498	0.2908014514	0.3844693502	0.17013907	0.17013907	1.0	
ISIC_0011118	0.9859568278	0.9499365367	0.0140431722	0.9046467856	0.9267632543	0.9958952974	
ISIC_0011119	0.9937909444	0.9751051518	0.006209055583	0.9514197027	0.9531265573	0.9997376468	
ISIC_0011120	0.2617912292	0.3702907472	0.7382087708	0.227212766	0.2292977545	0.837434555	
ISIC_0011121	0.4127464294	0.5447277495	0.5872535706	0.3743132938	0.3744797011	0.9932558857	
ISIC_0011123	0.9872881571	0.976664169	0.01271184285	0.954392624	0.9638021349	0.9962414929	
ISIC_0011124	0.9773216248	0.9591972601	0.02267837524	0.9215937117	0.9998473763	0.9691330626	
ISIC_0011125	0.9562250773	0.9142851452	0.04377492269	0.8421042976	0.8421042976	1.0	
ISIC_0011126	0.8396784465	0.8299099109	0.1603215535	0.7092700969	0.7829677183	0.8962848533	
ISIC_0011127	0.977036794	0.8948621663	0.02296320597	0.8097290121	0.815278043	0.9990666979	
ISIC_0011128	0.7159423828	0.4384257257	0.2840576172	0.2807588041	0.2807940622	0.999918046	
ISIC_0011130	0.9895693461	0.9538101164	0.01043065389	0.9116988525	0.9364254519	0.9964755089	
ISIC_0011131	0.978187561	0.9482552668	0.02181243896	0.9016021063	0.9076310091	0.9981117215	
ISIC_0011135	0.9939079285	0.9827754189	0.006092071533	0.9661341627	0.9879933497	0.9951704388	
ISIC_0011136	0.8741277059	0.6078454676	0.1258722941	0.4366221231	0.4366221231	1.0	
ISIC_0011137	0.9715512594	0.9549221368	0.02844874064	0.9137330053	0.9139127249	0.999903251	
ISIC_0011139	0.8084576925	0.6424018555	0.1915423075	0.4731899922	0.4731899922	1.0	
ISIC_0011140	0.9951833089	0.9765973484	0.004816691081	0.9542650166	0.9796720255	0.9969564509	
ISIC_0011141	0.7445322673	0.0	0.2554677327	0.0	0.0	0.888931398	
ISIC_0011144	0.9283370972	0.8501690842	0.07166290283	0.7393861762	0.7393861762	1.0	
ISIC_0011145	0.9268010457	0.8199160363	0.07319895426	0.69479466	0.69479466	1.0	
ISIC_0011146	0.9497566223	0.7702665775	0.05024337769	0.6263687426	0.6263687426	1.0	
ISIC_0011156	0.9200337728	0.9141517006	0.07996622721	0.8418779135	0.8527550332	0.987117401	
ISIC_0011157	0.9901161194	0.965897275	0.009883880615	0.934043835	0.9341865182	0.999973078	
ISIC_0011158	0.4681345622	0.3059641065	0.5318654378	0.1806125287	0.1806125287	1.0	
ISIC_0011159	0.6604881287	0.6422151857	0.3395118713	0.4729874565	0.5030481149	0.902361387	
ISIC_0011161	0.6945813497	0.5702441041	0.3054186503	0.3988401836	0.3989150652	0.999806182	
ISIC_0011163	0.9798151652	0.9085293474	0.0201848348	0.8323900832	0.8323900832	1.0	
ISIC_0011164	0.9610226949	0.7007332051	0.03897730509	0.5393297265	0.5396784817	0.9999402724	
ISIC_0011165	0.7512868245	0.6249860997	0.2487131755	0.4545307502	0.65187499	0.7976245516	
ISIC_0011166	0.9773610433	0.8722390459	0.02263895671	0.7734254699	0.7902401602	0.9976434939	
ISIC_0011169	0.9330444336	0.825131676	0.06695556641	0.7023184293	0.7023184293	1.0	
ISIC_0011170	0.9461110433	0.8605728423	0.05388895671	0.7552679752	0.7772521706	0.9920764979	
ISIC_0011173	0.9962399801	0.9401041139	0.003760019938	0.8869777931	0.9058828122	0.9992823485	
ISIC_0011199	0.9953625997	0.9473608244	0.004637400309	0.8999862882	0.9264863644	0.9986112036	
ISIC_0011200	0.9279810588	0.884060641	0.07201894124	0.7922120803	0.7930354434	0.9994495652	
ISIC_0011202	0.8984044393	0.6178445703	0.1015955607	0.4470152611	0.4472350326	0.9998894112	
ISIC_0011203	0.8401679993	0.8070613842	0.1598320007	0.6765321983	0.8835796917	0.8137484711	
ISIC_0011207	0.9407755534	0.0	0.05922444661	0.0	0.0	1.0	
ISIC_0011208	0.9936917623	0.9610868389	0.006308237712	0.9250887127	0.9443391137	0.9981290459	
ISIC_0011210	0.99537913	0.9432276207	0.004620869954	0.8925551416	0.9045635694	0.9994037652	
ISIC_0011211	0.9322484334	0.9193396026	0.06775156657	0.8507201753	0.9996905238	0.8898098792	
ISIC_0011212	0.9143409729	0.9148882676	0.0856590271	0.8431281685	0.8519747369	0.9876640551	
ISIC_0011214	0.9752019246	0.9753436989	0.02479807536	0.9518740067	0.9573526528	0.9939534265	
ISIC_0011215	0.9779980977	0.7052450471	0.02200190226	0.54469384	0.5451528798	0.9999572456	
ISIC_0011217	0.9772084554	0.82829444	0.0227915446	0.7069134672	0.7069134672	1.0	
ISIC_0011218	0.9711710612	0.858080024	0.0288289388	0.7514362145	0.9955697582	0.9688302603	
ISIC_0011220	0.9960543315	0.9431882678	0.003945668538	0.8924846679	0.9440005864	0.9979253003	
ISIC_0011223	0.9922510783	0.9601423208	0.007748921712	0.9233401263	0.9480386965	0.9970790216	
ISIC_0011225	0.9963022868	0.9114602363	0.003697713216	0.8373237861	0.8430776163	0.9998412859	
ISIC_0011226	0.7466074626	0.4390320801	0.2533925374	0.2812563119	0.2813293697	0.9998586151	
ISIC_0011228	0.5722986857	0.5860351889	0.4277013143	0.4144623574	0.9702508303	0.3918125412	
ISIC_0011229	0.9337743123	0.9019182457	0.06622568766	0.8213580111	0.8409345512	0.9864713211	
ISIC_0011230	0.9876073201	0.9415076221	0.01239267985	0.8894798317	0.8914612386	0.9997193766	
ISIC_0011295	0.8620134989	0.8246243752	0.1379865011	0.7015836961	0.7018288053	0.999699704	
ISIC_0011296	0.9707921346	0.9129330604	0.0292078654	0.8398131037	0.8421858718	0.9993721258	
ISIC_0011297	0.9751879374	0.8852385741	0.02481206258	0.794105854	0.7944914807	0.9999334978	
ISIC_0011299	0.7400614421	0.6710320079	0.2599385579	0.5049271403	0.5805211222	0.8741609796	
ISIC_0011301	0.9580281576	0.9182298324	0.04197184245	0.8488215519	0.8488215519	1.0	
ISIC_0011303	0.9410654704	0.6877366499	0.05893452962	0.5240843234	0.5240843234	1.0	
ISIC_0011304	0.994102478	0.9616173988	0.005897521973	0.9260723337	0.9325831875	0.9993951387	
ISIC_0011306	0.994468689	0.9817764409	0.005531311035	0.9642051907	0.9858486597	0.9960034393	
ISIC_0011315	0.9032745361	0.8210787773	0.09672546387	0.6964661942	0.6967970649	0.9997779615	
ISIC_0011317	0.9952227275	0.9501201524	0.004777272542	0.9049798933	0.9862462446	0.9956568744	
ISIC_0011322	0.8029047648	0.7095415313	0.1970952352	0.5498367816	0.5947518386	0.9444512092	
ISIC_0011323	0.9828402201	0.9402947435	0.01715977987	0.8873172402	0.9972597083	0.9805802252	
ISIC_0011324	0.9453277588	0.7730147501	0.05467224121	0.6300114449	0.6300114449	1.0	
ISIC_0011326	0.9564768473	0.883711923	0.04352315267	0.7916522099	0.7954726167	0.9987334213	
ISIC_0011327	0.8488566081	0.8173778642	0.1511433919	0.6911572509	0.9143421844	0.8104083292	
ISIC_0011328	0.9840494792	0.9660670328	0.01595052083	0.9343613787	0.9396717309	0.99818915	
ISIC_0011329	0.4335746765	0.5271825833	0.5664253235	0.3579415733	0.3579415733	1.0	
ISIC_0011330	0.9942156474	0.967284914	0.00578435262	0.9366425716	0.999390706	0.9937314101	
ISIC_0011331	0.9256426493	0.7917952881	0.07435735067	0.6553486179	0.6660337351	0.9956060205	
ISIC_0011332	0.9838282267	0.9804365549	0.01617177327	0.961623879	0.9976177582	0.9743953232	
ISIC_0011334	0.2262115479	0.3193565489	0.7737884521	0.1900204048	0.1902105412	0.9790749512	
ISIC_0011339	0.9739748637	0.9384430763	0.02602513631	0.8840252043	0.9993530286	0.9676894276	
ISIC_0011341	0.9127845764	0.7321422295	0.08721542358	0.5774640078	1.0	0.9009822519	
ISIC_0011343	0.9529851278	0.7927210755	0.04701487223	0.6566180022	0.6566180022	1.0	
ISIC_0011345	0.98290507	0.918641524	0.01709493001	0.8495254298	0.8521961735	0.9995984903	
ISIC_0011346	0.9916928609	0.9724595831	0.008307139079	0.9463954576	0.9908509871	0.9918391227	
ISIC_0011347	0.2292531331	0.04370489807	0.7707468669	0.02234064688	0.02234064688	1.0	
ISIC_0011348	0.5752042135	0.6106379829	0.4247957865	0.4395096278	0.4395096278	1.0	
ISIC_0011350	0.5469080607	0.6523872609	0.4530919393	0.4841058874	0.4841058874	1.0	
ISIC_0011352	0.9829966227	0.9800698717	0.01700337728	0.9609186399	0.9911133619	0.9770748937	
ISIC_0011353	0.9953384399	0.9623041171	0.004661560059	0.927346955	0.996507443	0.9952642077	
ISIC_0011354	0.9980748494	0.9646195551	0.001925150553	0.9316571119	0.9428936909	0.9996546957	
ISIC_0011356	0.3306795756	0.4850864605	0.6693204244	0.3202073569	0.3202259671	0.9962993421	
ISIC_0011357	0.7855262756	0.5377855117	0.2144737244	0.3677883895	0.9760666076	0.7575998355	
ISIC_0011358	0.9843775431	0.9673055122	0.01562245687	0.9366812002	0.9438806776	0.9975079057	
ISIC_0011360	0.8211313883	0.8794364536	0.1788686117	0.7848162261	0.7885568928	0.9771686472	
ISIC_0011361	0.8281415304	0.8833494011	0.1718584696	0.791070548	0.7940360944	0.982980522	
ISIC_0011362	0.9865671794	0.960732128	0.01343282064	0.9244316637	0.955928041	0.9929273821	
ISIC_0011366	0.8730646769	0.813422598	0.1269353231	0.6855200484	0.6856410063	0.9998806113	
ISIC_0011372	0.9964675903	0.9559369349	0.003532409668	0.9155930967	0.9611814615	0.9979326721	
ISIC_0011373	0.3889554342	0.3301061553	0.6110445658	0.1976809223	0.1977109613	0.9995148685	
ISIC_0011378	0.9949353536	0.9874894384	0.005064646403	0.9752880374	0.9839076143	0.9977468097	
ISIC_0011380	0.9279136658	0.8424965619	0.07208633423	0.7278566388	0.7278566388	1.0	
ISIC_0011382	0.9869168599	0.9788848734	0.01308314006	0.958643005	0.9986140595	0.9818153596	
ISIC_0011383	0.9976654053	0.9909937309	0.002334594727	0.9821482396	0.9879309502	0.9991201236	
ISIC_0011385	0.9000638326	0.7390540698	0.0999361674	0.5861108332	0.5861108332	1.0	
ISIC_0011387	0.87180837	0.8826365848	0.12819163	0.7899279436	0.790921742	0.9980366812	
ISIC_0011390	0.6163800557	0.6644899194	0.3836199443	0.4975551507	0.4977847906	0.9985128555	
ISIC_0011393	0.9838434855	0.8324674982	0.01615651449	0.7130144103	1.0	0.9831678289	
ISIC_0011397	0.8347918193	0.7082703694	0.1652081807	0.5483116224	0.5490025445	0.9992747686	
ISIC_0011398	0.9008801778	0.8551680828	0.09911982218	0.7469813428	0.7469813428	1.0	
ISIC_0011400	0.9842122396	0.9491759929	0.01578776042	0.9032682794	0.9992587804	0.9816081873	
ISIC_0011402	0.4688835144	0.4071602846	0.5311164856	0.2556191189	0.2556191189	1.0	
ISIC_0006114	0.9838440295	0.8562433499	0.01615597049	0.7486237127	0.9995263425	0.9830509555	
